BEGIN;

-- ════════════════════════════════════════
-- 2. BARCODE SCANS  (20 resolved + 5 unresolved)
-- ════════════════════════════════════════
INSERT INTO barcode_scans (id,product_id,raw_barcode,barcode_type,scan_source,scan_status,scanned_at,created_at) VALUES ('c83fdee2-a8d8-4d7c-9eed-cabcb837ee60','bd4b5334-9134-48cf-bb3c-1d374d33063f','8901058000027','EAN13','handheld_scanner','resolved',NOW(),NOW()) ON CONFLICT DO NOTHING;
INSERT INTO barcode_scans (id,product_id,raw_barcode,barcode_type,scan_source,scan_status,scanned_at,created_at) VALUES ('57966d1c-147d-44a1-b493-8ff59bd19381','7e607917-5552-4d9c-9e38-49f5c326facb','8901030789010','EAN13','handheld_scanner','resolved',NOW(),NOW()) ON CONFLICT DO NOTHING;
INSERT INTO barcode_scans (id,product_id,raw_barcode,barcode_type,scan_source,scan_status,scanned_at,created_at) VALUES ('78bcb9fd-e9af-422b-a92b-7fc6207179f8','6e5256ac-650d-4eb7-aee8-ff304e7778df','8901063150245','EAN13','handheld_scanner','resolved',NOW(),NOW()) ON CONFLICT DO NOTHING;
INSERT INTO barcode_scans (id,product_id,raw_barcode,barcode_type,scan_source,scan_status,scanned_at,created_at) VALUES ('b1dc7c42-9ba2-4acd-bc80-1577dac20be8','425ad452-1999-416e-a374-f5004e137c5a','8904117100018','EAN13','handheld_scanner','resolved',NOW(),NOW()) ON CONFLICT DO NOTHING;
INSERT INTO barcode_scans (id,product_id,raw_barcode,barcode_type,scan_source,scan_status,scanned_at,created_at) VALUES ('3b4344b8-f47e-41e8-8d43-a6588bac27d1','cdfb993f-640a-4116-8211-f53cd0326391','8901088100015','EAN13','handheld_scanner','resolved',NOW(),NOW()) ON CONFLICT DO NOTHING;
INSERT INTO barcode_scans (id,product_id,raw_barcode,barcode_type,scan_source,scan_status,scanned_at,created_at) VALUES ('72f75753-3605-46c8-9a97-c59b467b9e35','ced8ae36-7ee5-4774-983c-0fffa17fa16f','0012000001086','EAN13','handheld_scanner','resolved',NOW(),NOW()) ON CONFLICT DO NOTHING;
INSERT INTO barcode_scans (id,product_id,raw_barcode,barcode_type,scan_source,scan_status,scanned_at,created_at) VALUES ('06451d1d-71c5-4916-917f-a92578b5d36b','1ea123c5-7ba8-478e-8a8a-3873d2803591','0055100150002','EAN13','handheld_scanner','resolved',NOW(),NOW()) ON CONFLICT DO NOTHING;
INSERT INTO barcode_scans (id,product_id,raw_barcode,barcode_type,scan_source,scan_status,scanned_at,created_at) VALUES ('241ed7cf-f4bc-43aa-9672-aede04839e89','f0ea470d-858d-41ef-9d88-6db353656f82','0074780300018','EAN13','handheld_scanner','resolved',NOW(),NOW()) ON CONFLICT DO NOTHING;
INSERT INTO barcode_scans (id,product_id,raw_barcode,barcode_type,scan_source,scan_status,scanned_at,created_at) VALUES ('e4dd03ee-5ef4-4c96-87f9-a61c79ec025c','e41af519-9235-4eab-9b38-b5af49f22ced','0028400589758','EAN13','handheld_scanner','resolved',NOW(),NOW()) ON CONFLICT DO NOTHING;
INSERT INTO barcode_scans (id,product_id,raw_barcode,barcode_type,scan_source,scan_status,scanned_at,created_at) VALUES ('0ef1adcd-faab-4051-b40a-8ff41f0c544d','5f8f150d-0310-44c2-946e-ac7c80f14dbe','7622300441937','EAN13','handheld_scanner','resolved',NOW(),NOW()) ON CONFLICT DO NOTHING;
INSERT INTO barcode_scans (id,product_id,raw_barcode,barcode_type,scan_source,scan_status,scanned_at,created_at) VALUES ('e570bb99-d095-4a7a-b08b-aa997cf8af60','db7628e5-ac98-41a5-bc78-76e7ec086a5d','8906017260093','EAN13','handheld_scanner','resolved',NOW(),NOW()) ON CONFLICT DO NOTHING;
INSERT INTO barcode_scans (id,product_id,raw_barcode,barcode_type,scan_source,scan_status,scanned_at,created_at) VALUES ('f2715700-8a5c-4387-8cf2-960ccc8ecc05','f777457d-54d7-4ac1-b3a0-de8d7d0a7e59','8906068110018','EAN13','handheld_scanner','resolved',NOW(),NOW()) ON CONFLICT DO NOTHING;
INSERT INTO barcode_scans (id,product_id,raw_barcode,barcode_type,scan_source,scan_status,scanned_at,created_at) VALUES ('39812454-2287-4304-bdc9-fc7bbca61f8c','d02b9ab8-b73c-4cac-bb28-e839b11e9730','8904265100012','EAN13','handheld_scanner','resolved',NOW(),NOW()) ON CONFLICT DO NOTHING;
INSERT INTO barcode_scans (id,product_id,raw_barcode,barcode_type,scan_source,scan_status,scanned_at,created_at) VALUES ('791f1fb5-5256-440c-8b5a-fc3389d4a3ae','563c5830-dd37-4234-b574-7ae08c1586ab','5000168003009','EAN13','handheld_scanner','resolved',NOW(),NOW()) ON CONFLICT DO NOTHING;
INSERT INTO barcode_scans (id,product_id,raw_barcode,barcode_type,scan_source,scan_status,scanned_at,created_at) VALUES ('3d5afc98-0aba-414a-8c5a-e77a1248fdde','63f75a3d-078f-436c-9d0f-220c82c96c1c','0011111019220','EAN13','handheld_scanner','resolved',NOW(),NOW()) ON CONFLICT DO NOTHING;
INSERT INTO barcode_scans (id,product_id,raw_barcode,barcode_type,scan_source,scan_status,scanned_at,created_at) VALUES ('6945c085-28d0-4bc6-afe0-a5c89f85fd7d','27fddffb-ab90-48a0-8b78-907ad0486d05','8901176011339','EAN13','handheld_scanner','resolved',NOW(),NOW()) ON CONFLICT DO NOTHING;
INSERT INTO barcode_scans (id,product_id,raw_barcode,barcode_type,scan_source,scan_status,scanned_at,created_at) VALUES ('ea7c05dd-d400-4b3d-b141-76c74813d50f','282d231d-7e25-4f29-9134-0f5b4c650033','0035000138637','EAN13','handheld_scanner','resolved',NOW(),NOW()) ON CONFLICT DO NOTHING;
INSERT INTO barcode_scans (id,product_id,raw_barcode,barcode_type,scan_source,scan_status,scanned_at,created_at) VALUES ('c3cc1633-e55b-465c-8579-4d14828cf9dd','d2d51b3c-7006-4281-ab49-1d6309a36818','8906000940019','EAN13','handheld_scanner','resolved',NOW(),NOW()) ON CONFLICT DO NOTHING;
INSERT INTO barcode_scans (id,product_id,raw_barcode,barcode_type,scan_source,scan_status,scanned_at,created_at) VALUES ('1fdde142-e550-417f-a590-61bf860e234d','79d170f6-b0ec-452f-a1b6-c3aeb3ed61b8','8901058504121','EAN13','handheld_scanner','resolved',NOW(),NOW()) ON CONFLICT DO NOTHING;
INSERT INTO barcode_scans (id,product_id,raw_barcode,barcode_type,scan_source,scan_status,scanned_at,created_at) VALUES ('3cdb7c63-90f9-4bad-aa31-75ed2e45e1f3','120db931-d73e-4fd3-a206-e6ead5da207d','0065251000188','EAN13','handheld_scanner','resolved',NOW(),NOW()) ON CONFLICT DO NOTHING;
INSERT INTO barcode_scans (id,product_id,raw_barcode,barcode_type,scan_source,scan_status,notes,scanned_at,created_at) VALUES ('f8e50517-279d-4aca-a69d-cd07b454f22f',NULL,'9990000000001','EAN13','mobile_app','unresolved','Barcode not found in catalogue',NOW(),NOW()) ON CONFLICT DO NOTHING;
INSERT INTO barcode_scans (id,product_id,raw_barcode,barcode_type,scan_source,scan_status,notes,scanned_at,created_at) VALUES ('48c6d2a7-9d93-4a83-8774-4c334c7603db',NULL,'9990000000002','EAN13','mobile_app','unresolved','Barcode not found in catalogue',NOW(),NOW()) ON CONFLICT DO NOTHING;
INSERT INTO barcode_scans (id,product_id,raw_barcode,barcode_type,scan_source,scan_status,notes,scanned_at,created_at) VALUES ('7f2b47d5-5d90-4edf-8080-042067646700',NULL,'9990000000003','EAN13','mobile_app','unresolved','Barcode not found in catalogue',NOW(),NOW()) ON CONFLICT DO NOTHING;
INSERT INTO barcode_scans (id,product_id,raw_barcode,barcode_type,scan_source,scan_status,notes,scanned_at,created_at) VALUES ('8707ea3b-bda6-496f-b71f-1c136267a748',NULL,'9990000000004','EAN13','mobile_app','unresolved','Barcode not found in catalogue',NOW(),NOW()) ON CONFLICT DO NOTHING;
INSERT INTO barcode_scans (id,product_id,raw_barcode,barcode_type,scan_source,scan_status,notes,scanned_at,created_at) VALUES ('0f571a9b-ccc0-487e-bf63-c2c00e6fa919',NULL,'9990000000005','EAN13','mobile_app','unresolved','Barcode not found in catalogue',NOW(),NOW()) ON CONFLICT DO NOTHING;

-- ════════════════════════════════════════
-- 3. INVENTORY ITEMS  (25 batches)
-- ════════════════════════════════════════
INSERT INTO inventory_items (id,product_id,barcode_scan_id,batch_number,manufacturing_date,expiry_date,pipeline_status,quantity,unit,intake_at,created_at,updated_at) VALUES ('7d794e28-dd45-43f1-9d10-b83ec8f8abd6','bd4b5334-9134-48cf-bb3c-1d374d33063f','c83fdee2-a8d8-4d7c-9eed-cabcb837ee60','BATCH-2026001','2026-02-19','2026-06-19','PENDING_OCR',1,'units',NOW(),NOW(),NOW()) ON CONFLICT DO NOTHING;
INSERT INTO inventory_items (id,product_id,barcode_scan_id,batch_number,manufacturing_date,expiry_date,pipeline_status,quantity,unit,intake_at,created_at,updated_at) VALUES ('ce64a18e-19e3-4fe8-9db9-dc1e7eab0dba','7e607917-5552-4d9c-9e38-49f5c326facb','57966d1c-147d-44a1-b493-8ff59bd19381','BATCH-2026002','2026-03-16','2026-07-09','OCR_COMPLETED',43,'units',NOW(),NOW(),NOW()) ON CONFLICT DO NOTHING;
INSERT INTO inventory_items (id,product_id,barcode_scan_id,batch_number,manufacturing_date,expiry_date,pipeline_status,quantity,unit,intake_at,created_at,updated_at) VALUES ('742f9e7e-b842-4e68-b9e2-d4f19cb89ed1','6e5256ac-650d-4eb7-aee8-ff304e7778df','78bcb9fd-e9af-422b-a92b-7fc6207179f8','BATCH-2026003','2026-02-12','2026-08-08','PENDING_ML_REVIEW',22,'units',NOW(),NOW(),NOW()) ON CONFLICT DO NOTHING;
INSERT INTO inventory_items (id,product_id,barcode_scan_id,batch_number,manufacturing_date,expiry_date,pipeline_status,quantity,unit,intake_at,created_at,updated_at) VALUES ('c3460235-b703-4b9a-92bc-edbad2e62924','425ad452-1999-416e-a374-f5004e137c5a','b1dc7c42-9ba2-4acd-bc80-1577dac20be8','BATCH-2026004','2026-04-06','2026-10-22','ML_COMPLETED',41,'units',NOW(),NOW(),NOW()) ON CONFLICT DO NOTHING;
INSERT INTO inventory_items (id,product_id,barcode_scan_id,batch_number,manufacturing_date,expiry_date,pipeline_status,quantity,unit,intake_at,created_at,updated_at) VALUES ('50fb6d07-6219-47f3-9f9f-878534c92fb5','cdfb993f-640a-4116-8211-f53cd0326391','3b4344b8-f47e-41e8-8d43-a6588bac27d1','BATCH-2026005','2026-03-25',NULL,'MANUAL_REVIEW',28,'units',NOW(),NOW(),NOW()) ON CONFLICT DO NOTHING;
INSERT INTO inventory_items (id,product_id,barcode_scan_id,batch_number,manufacturing_date,expiry_date,pipeline_status,quantity,unit,intake_at,created_at,updated_at) VALUES ('40569013-98ec-4da6-9be2-5a51744559fd','ced8ae36-7ee5-4774-983c-0fffa17fa16f','72f75753-3605-46c8-9a97-c59b467b9e35','BATCH-2026006','2026-03-22','2026-06-19','PENDING_OCR',19,'units',NOW(),NOW(),NOW()) ON CONFLICT DO NOTHING;
INSERT INTO inventory_items (id,product_id,barcode_scan_id,batch_number,manufacturing_date,expiry_date,pipeline_status,quantity,unit,intake_at,created_at,updated_at) VALUES ('d58109a8-b8fe-44d3-baa9-13e50c1c9a33','1ea123c5-7ba8-478e-8a8a-3873d2803591','06451d1d-71c5-4916-917f-a92578b5d36b','BATCH-2026007','2026-01-12','2026-07-09','OCR_COMPLETED',48,'units',NOW(),NOW(),NOW()) ON CONFLICT DO NOTHING;
INSERT INTO inventory_items (id,product_id,barcode_scan_id,batch_number,manufacturing_date,expiry_date,pipeline_status,quantity,unit,intake_at,created_at,updated_at) VALUES ('007abc33-245d-470c-8e58-3014aacd36f2','f0ea470d-858d-41ef-9d88-6db353656f82','241ed7cf-f4bc-43aa-9672-aede04839e89','BATCH-2026008','2026-03-11','2026-08-08','PENDING_ML_REVIEW',36,'units',NOW(),NOW(),NOW()) ON CONFLICT DO NOTHING;
INSERT INTO inventory_items (id,product_id,barcode_scan_id,batch_number,manufacturing_date,expiry_date,pipeline_status,quantity,unit,intake_at,created_at,updated_at) VALUES ('8cc23309-11e7-43bb-81cf-0b47abe33505','e41af519-9235-4eab-9b38-b5af49f22ced','e4dd03ee-5ef4-4c96-87f9-a61c79ec025c','BATCH-2026009','2026-02-11','2026-10-22','ML_COMPLETED',45,'units',NOW(),NOW(),NOW()) ON CONFLICT DO NOTHING;
INSERT INTO inventory_items (id,product_id,barcode_scan_id,batch_number,manufacturing_date,expiry_date,pipeline_status,quantity,unit,intake_at,created_at,updated_at) VALUES ('8c0a3645-0118-4909-ac22-8aeebb844028','5f8f150d-0310-44c2-946e-ac7c80f14dbe','0ef1adcd-faab-4051-b40a-8ff41f0c544d','BATCH-2026010','2026-03-12',NULL,'MANUAL_REVIEW',6,'units',NOW(),NOW(),NOW()) ON CONFLICT DO NOTHING;
INSERT INTO inventory_items (id,product_id,barcode_scan_id,batch_number,manufacturing_date,expiry_date,pipeline_status,quantity,unit,intake_at,created_at,updated_at) VALUES ('8816c74d-f540-4c87-b898-4952076cfe52','db7628e5-ac98-41a5-bc78-76e7ec086a5d','e570bb99-d095-4a7a-b08b-aa997cf8af60','BATCH-2026011','2026-01-11','2026-06-19','PENDING_OCR',33,'units',NOW(),NOW(),NOW()) ON CONFLICT DO NOTHING;
INSERT INTO inventory_items (id,product_id,barcode_scan_id,batch_number,manufacturing_date,expiry_date,pipeline_status,quantity,unit,intake_at,created_at,updated_at) VALUES ('973613c3-6985-40f7-99fe-59a17f56e043','f777457d-54d7-4ac1-b3a0-de8d7d0a7e59','f2715700-8a5c-4387-8cf2-960ccc8ecc05','BATCH-2026012','2026-04-02','2026-07-09','OCR_COMPLETED',25,'units',NOW(),NOW(),NOW()) ON CONFLICT DO NOTHING;
INSERT INTO inventory_items (id,product_id,barcode_scan_id,batch_number,manufacturing_date,expiry_date,pipeline_status,quantity,unit,intake_at,created_at,updated_at) VALUES ('5e136600-e2ee-4ab7-ab30-68e788af7722','d02b9ab8-b73c-4cac-bb28-e839b11e9730','39812454-2287-4304-bdc9-fc7bbca61f8c','BATCH-2026013','2026-02-21','2026-08-08','PENDING_ML_REVIEW',12,'units',NOW(),NOW(),NOW()) ON CONFLICT DO NOTHING;
INSERT INTO inventory_items (id,product_id,barcode_scan_id,batch_number,manufacturing_date,expiry_date,pipeline_status,quantity,unit,intake_at,created_at,updated_at) VALUES ('02a4ec16-a3c4-45d8-93af-c52745daebc9','563c5830-dd37-4234-b574-7ae08c1586ab','791f1fb5-5256-440c-8b5a-fc3389d4a3ae','BATCH-2026014','2026-03-09','2026-10-22','ML_COMPLETED',42,'units',NOW(),NOW(),NOW()) ON CONFLICT DO NOTHING;
INSERT INTO inventory_items (id,product_id,barcode_scan_id,batch_number,manufacturing_date,expiry_date,pipeline_status,quantity,unit,intake_at,created_at,updated_at) VALUES ('fb05b148-bd2b-4f1d-937e-66513bc46ba8','63f75a3d-078f-436c-9d0f-220c82c96c1c','3d5afc98-0aba-414a-8c5a-e77a1248fdde','BATCH-2026015','2026-04-07',NULL,'MANUAL_REVIEW',44,'units',NOW(),NOW(),NOW()) ON CONFLICT DO NOTHING;
INSERT INTO inventory_items (id,product_id,barcode_scan_id,batch_number,manufacturing_date,expiry_date,pipeline_status,quantity,unit,intake_at,created_at,updated_at) VALUES ('af992d56-d7d5-4588-a643-6b283216cc59','27fddffb-ab90-48a0-8b78-907ad0486d05','6945c085-28d0-4bc6-afe0-a5c89f85fd7d','BATCH-2026016','2026-04-11','2026-06-19','PENDING_OCR',50,'units',NOW(),NOW(),NOW()) ON CONFLICT DO NOTHING;
INSERT INTO inventory_items (id,product_id,barcode_scan_id,batch_number,manufacturing_date,expiry_date,pipeline_status,quantity,unit,intake_at,created_at,updated_at) VALUES ('ab240a4e-6caf-41d2-a793-ceef3d00131e','282d231d-7e25-4f29-9134-0f5b4c650033','ea7c05dd-d400-4b3d-b141-76c74813d50f','BATCH-2026017','2026-03-21','2026-07-09','OCR_COMPLETED',4,'units',NOW(),NOW(),NOW()) ON CONFLICT DO NOTHING;
INSERT INTO inventory_items (id,product_id,barcode_scan_id,batch_number,manufacturing_date,expiry_date,pipeline_status,quantity,unit,intake_at,created_at,updated_at) VALUES ('79318c4c-0ee9-48e6-8b34-b9600fa345ef','d2d51b3c-7006-4281-ab49-1d6309a36818','c3cc1633-e55b-465c-8579-4d14828cf9dd','BATCH-2026018','2026-01-22','2026-08-08','PENDING_ML_REVIEW',4,'units',NOW(),NOW(),NOW()) ON CONFLICT DO NOTHING;
INSERT INTO inventory_items (id,product_id,barcode_scan_id,batch_number,manufacturing_date,expiry_date,pipeline_status,quantity,unit,intake_at,created_at,updated_at) VALUES ('c7efe4b7-3c70-4fad-976c-542cef8fcc6c','79d170f6-b0ec-452f-a1b6-c3aeb3ed61b8','1fdde142-e550-417f-a590-61bf860e234d','BATCH-2026019','2026-05-13','2026-10-22','ML_COMPLETED',8,'units',NOW(),NOW(),NOW()) ON CONFLICT DO NOTHING;
INSERT INTO inventory_items (id,product_id,barcode_scan_id,batch_number,manufacturing_date,expiry_date,pipeline_status,quantity,unit,intake_at,created_at,updated_at) VALUES ('2dc76abb-94d9-4416-8d88-6fce79af77ff','120db931-d73e-4fd3-a206-e6ead5da207d','3cdb7c63-90f9-4bad-aa31-75ed2e45e1f3','BATCH-2026020','2026-05-20',NULL,'MANUAL_REVIEW',37,'units',NOW(),NOW(),NOW()) ON CONFLICT DO NOTHING;
INSERT INTO inventory_items (id,product_id,barcode_scan_id,batch_number,manufacturing_date,expiry_date,pipeline_status,quantity,unit,intake_at,created_at,updated_at) VALUES ('7b151aec-98d0-4492-a3af-cefa373d4a0d','6bf38777-8241-442b-b443-8ed648f7ee8b','c83fdee2-a8d8-4d7c-9eed-cabcb837ee60','BATCH-2026021','2026-04-07','2026-06-19','PENDING_OCR',21,'units',NOW(),NOW(),NOW()) ON CONFLICT DO NOTHING;
INSERT INTO inventory_items (id,product_id,barcode_scan_id,batch_number,manufacturing_date,expiry_date,pipeline_status,quantity,unit,intake_at,created_at,updated_at) VALUES ('380df1be-e27b-473b-80bf-727c77184720','d9d497a6-d070-43eb-a1a1-692a2977f4fa','57966d1c-147d-44a1-b493-8ff59bd19381','BATCH-2026022','2026-01-31','2026-07-09','OCR_COMPLETED',36,'units',NOW(),NOW(),NOW()) ON CONFLICT DO NOTHING;
INSERT INTO inventory_items (id,product_id,barcode_scan_id,batch_number,manufacturing_date,expiry_date,pipeline_status,quantity,unit,intake_at,created_at,updated_at) VALUES ('6097417e-6ae3-48f9-8d69-cd1841eac542','0ca02492-67f1-43cb-979e-db3f38ba9dfc','78bcb9fd-e9af-422b-a92b-7fc6207179f8','BATCH-2026023','2026-04-15','2026-08-08','PENDING_ML_REVIEW',49,'units',NOW(),NOW(),NOW()) ON CONFLICT DO NOTHING;
INSERT INTO inventory_items (id,product_id,barcode_scan_id,batch_number,manufacturing_date,expiry_date,pipeline_status,quantity,unit,intake_at,created_at,updated_at) VALUES ('6ca3bed0-b39b-4b3d-8353-84cdf44f8d26','1069962a-5fe1-4d05-8fce-cd0ed1d93ee7','b1dc7c42-9ba2-4acd-bc80-1577dac20be8','BATCH-2026024','2026-02-21','2026-10-22','ML_COMPLETED',14,'units',NOW(),NOW(),NOW()) ON CONFLICT DO NOTHING;
INSERT INTO inventory_items (id,product_id,barcode_scan_id,batch_number,manufacturing_date,expiry_date,pipeline_status,quantity,unit,intake_at,created_at,updated_at) VALUES ('6fc21afd-93ec-458c-9ddc-5c53d61250d6','8c9a25a7-71ec-4d1c-b613-5e20d1bcf839','3b4344b8-f47e-41e8-8d43-a6588bac27d1','BATCH-2026025','2026-01-29',NULL,'MANUAL_REVIEW',7,'units',NOW(),NOW(),NOW()) ON CONFLICT DO NOTHING;

-- ════════════════════════════════════════
-- 4. PRODUCT IMAGES  (30 uploads)
-- ════════════════════════════════════════
INSERT INTO product_images (id,product_id,file_path,file_url,file_size_bytes,mime_type,image_type,processing_status,uploaded_at,created_at,updated_at) VALUES ('6751426b-04a3-4ef9-ace7-3dfc364e4f6e','bd4b5334-9134-48cf-bb3c-1d374d33063f','/uploads/8901058000027_0.jpg','https://cdn.expiry.io/8901058000027_0.jpg',332195,'image/jpeg','front_label','uploaded',NOW(),NOW(),NOW()) ON CONFLICT DO NOTHING;
INSERT INTO product_images (id,product_id,file_path,file_url,file_size_bytes,mime_type,image_type,processing_status,uploaded_at,created_at,updated_at) VALUES ('92cce1d4-fc8c-49ea-bb5d-d46bb2b33f64','7e607917-5552-4d9c-9e38-49f5c326facb','/uploads/8901030789010_1.jpg','https://cdn.expiry.io/8901030789010_1.jpg',302433,'image/jpeg','back_label','ocr_pending',NOW(),NOW(),NOW()) ON CONFLICT DO NOTHING;
INSERT INTO product_images (id,product_id,file_path,file_url,file_size_bytes,mime_type,image_type,processing_status,uploaded_at,created_at,updated_at) VALUES ('9e10fdb6-288d-41f6-8090-89de89d349b4','6e5256ac-650d-4eb7-aee8-ff304e7778df','/uploads/8901063150245_2.jpg','https://cdn.expiry.io/8901063150245_2.jpg',476823,'image/jpeg','barcode_close_up','ocr_completed',NOW(),NOW(),NOW()) ON CONFLICT DO NOTHING;
INSERT INTO product_images (id,product_id,file_path,file_url,file_size_bytes,mime_type,image_type,processing_status,uploaded_at,created_at,updated_at) VALUES ('e4b4283b-1779-46e8-b33c-0a6634383785','425ad452-1999-416e-a374-f5004e137c5a','/uploads/8904117100018_3.jpg','https://cdn.expiry.io/8904117100018_3.jpg',197085,'image/jpeg','product_photo','uploaded',NOW(),NOW(),NOW()) ON CONFLICT DO NOTHING;
INSERT INTO product_images (id,product_id,file_path,file_url,file_size_bytes,mime_type,image_type,processing_status,uploaded_at,created_at,updated_at) VALUES ('b7144a92-a59e-4bb7-8b4e-3385a2756d92','cdfb993f-640a-4116-8211-f53cd0326391','/uploads/8901088100015_4.jpg','https://cdn.expiry.io/8901088100015_4.jpg',140204,'image/jpeg','side_label','failed',NOW(),NOW(),NOW()) ON CONFLICT DO NOTHING;
INSERT INTO product_images (id,product_id,file_path,file_url,file_size_bytes,mime_type,image_type,processing_status,uploaded_at,created_at,updated_at) VALUES ('4fc6147c-289b-4fff-959f-ffd995ef8c54','ced8ae36-7ee5-4774-983c-0fffa17fa16f','/uploads/0012000001086_5.jpg','https://cdn.expiry.io/0012000001086_5.jpg',406711,'image/jpeg','front_label','uploaded',NOW(),NOW(),NOW()) ON CONFLICT DO NOTHING;
INSERT INTO product_images (id,product_id,file_path,file_url,file_size_bytes,mime_type,image_type,processing_status,uploaded_at,created_at,updated_at) VALUES ('f7b433ae-f422-419a-8b2c-156cc7e8dab6','1ea123c5-7ba8-478e-8a8a-3873d2803591','/uploads/0055100150002_6.jpg','https://cdn.expiry.io/0055100150002_6.jpg',206724,'image/jpeg','back_label','ocr_pending',NOW(),NOW(),NOW()) ON CONFLICT DO NOTHING;
INSERT INTO product_images (id,product_id,file_path,file_url,file_size_bytes,mime_type,image_type,processing_status,uploaded_at,created_at,updated_at) VALUES ('4fe3b41b-a423-4bbe-8830-745e36a36c46','f0ea470d-858d-41ef-9d88-6db353656f82','/uploads/0074780300018_7.jpg','https://cdn.expiry.io/0074780300018_7.jpg',152413,'image/jpeg','barcode_close_up','ocr_completed',NOW(),NOW(),NOW()) ON CONFLICT DO NOTHING;
INSERT INTO product_images (id,product_id,file_path,file_url,file_size_bytes,mime_type,image_type,processing_status,uploaded_at,created_at,updated_at) VALUES ('efc630fb-5bd4-4cf9-948e-336b209ab708','e41af519-9235-4eab-9b38-b5af49f22ced','/uploads/0028400589758_8.jpg','https://cdn.expiry.io/0028400589758_8.jpg',149667,'image/jpeg','product_photo','uploaded',NOW(),NOW(),NOW()) ON CONFLICT DO NOTHING;
INSERT INTO product_images (id,product_id,file_path,file_url,file_size_bytes,mime_type,image_type,processing_status,uploaded_at,created_at,updated_at) VALUES ('2f179d5a-aa69-41b8-9de9-81d325fbf3af','5f8f150d-0310-44c2-946e-ac7c80f14dbe','/uploads/7622300441937_9.jpg','https://cdn.expiry.io/7622300441937_9.jpg',391825,'image/jpeg','side_label','failed',NOW(),NOW(),NOW()) ON CONFLICT DO NOTHING;
INSERT INTO product_images (id,product_id,file_path,file_url,file_size_bytes,mime_type,image_type,processing_status,uploaded_at,created_at,updated_at) VALUES ('c87be580-174b-41ca-a566-e567d0453e2b','db7628e5-ac98-41a5-bc78-76e7ec086a5d','/uploads/8906017260093_10.jpg','https://cdn.expiry.io/8906017260093_10.jpg',50299,'image/jpeg','front_label','uploaded',NOW(),NOW(),NOW()) ON CONFLICT DO NOTHING;
INSERT INTO product_images (id,product_id,file_path,file_url,file_size_bytes,mime_type,image_type,processing_status,uploaded_at,created_at,updated_at) VALUES ('179ea423-b6aa-40c1-bd07-51703839f7fd','f777457d-54d7-4ac1-b3a0-de8d7d0a7e59','/uploads/8906068110018_11.jpg','https://cdn.expiry.io/8906068110018_11.jpg',493800,'image/jpeg','back_label','ocr_pending',NOW(),NOW(),NOW()) ON CONFLICT DO NOTHING;
INSERT INTO product_images (id,product_id,file_path,file_url,file_size_bytes,mime_type,image_type,processing_status,uploaded_at,created_at,updated_at) VALUES ('d1761a4e-f230-4ee4-b2ce-f67ab05d2971','d02b9ab8-b73c-4cac-bb28-e839b11e9730','/uploads/8904265100012_12.jpg','https://cdn.expiry.io/8904265100012_12.jpg',200488,'image/jpeg','barcode_close_up','ocr_completed',NOW(),NOW(),NOW()) ON CONFLICT DO NOTHING;
INSERT INTO product_images (id,product_id,file_path,file_url,file_size_bytes,mime_type,image_type,processing_status,uploaded_at,created_at,updated_at) VALUES ('0ca79f27-7910-4170-8789-229746338c60','563c5830-dd37-4234-b574-7ae08c1586ab','/uploads/5000168003009_13.jpg','https://cdn.expiry.io/5000168003009_13.jpg',239616,'image/jpeg','product_photo','uploaded',NOW(),NOW(),NOW()) ON CONFLICT DO NOTHING;
INSERT INTO product_images (id,product_id,file_path,file_url,file_size_bytes,mime_type,image_type,processing_status,uploaded_at,created_at,updated_at) VALUES ('a03f10d6-6bc0-4486-9422-cf714b98bc92','63f75a3d-078f-436c-9d0f-220c82c96c1c','/uploads/0011111019220_14.jpg','https://cdn.expiry.io/0011111019220_14.jpg',388849,'image/jpeg','side_label','failed',NOW(),NOW(),NOW()) ON CONFLICT DO NOTHING;
INSERT INTO product_images (id,product_id,file_path,file_url,file_size_bytes,mime_type,image_type,processing_status,uploaded_at,created_at,updated_at) VALUES ('e33f1288-034f-48a0-b928-6c64fb7c8e5b','27fddffb-ab90-48a0-8b78-907ad0486d05','/uploads/8901176011339_15.jpg','https://cdn.expiry.io/8901176011339_15.jpg',153703,'image/jpeg','front_label','uploaded',NOW(),NOW(),NOW()) ON CONFLICT DO NOTHING;
INSERT INTO product_images (id,product_id,file_path,file_url,file_size_bytes,mime_type,image_type,processing_status,uploaded_at,created_at,updated_at) VALUES ('92098502-fe67-4c79-91c0-959804e3abfe','282d231d-7e25-4f29-9134-0f5b4c650033','/uploads/0035000138637_16.jpg','https://cdn.expiry.io/0035000138637_16.jpg',391658,'image/jpeg','back_label','ocr_pending',NOW(),NOW(),NOW()) ON CONFLICT DO NOTHING;
INSERT INTO product_images (id,product_id,file_path,file_url,file_size_bytes,mime_type,image_type,processing_status,uploaded_at,created_at,updated_at) VALUES ('1fc279a6-aa15-4c5e-8ee8-c344343f4095','d2d51b3c-7006-4281-ab49-1d6309a36818','/uploads/8906000940019_17.jpg','https://cdn.expiry.io/8906000940019_17.jpg',144041,'image/jpeg','barcode_close_up','ocr_completed',NOW(),NOW(),NOW()) ON CONFLICT DO NOTHING;
INSERT INTO product_images (id,product_id,file_path,file_url,file_size_bytes,mime_type,image_type,processing_status,uploaded_at,created_at,updated_at) VALUES ('fb589bcf-45df-405a-ad67-c8fe272b191d','79d170f6-b0ec-452f-a1b6-c3aeb3ed61b8','/uploads/8901058504121_18.jpg','https://cdn.expiry.io/8901058504121_18.jpg',362670,'image/jpeg','product_photo','uploaded',NOW(),NOW(),NOW()) ON CONFLICT DO NOTHING;
INSERT INTO product_images (id,product_id,file_path,file_url,file_size_bytes,mime_type,image_type,processing_status,uploaded_at,created_at,updated_at) VALUES ('e922a082-3003-4464-817d-926fc3b41428','120db931-d73e-4fd3-a206-e6ead5da207d','/uploads/0065251000188_19.jpg','https://cdn.expiry.io/0065251000188_19.jpg',454005,'image/jpeg','side_label','failed',NOW(),NOW(),NOW()) ON CONFLICT DO NOTHING;
INSERT INTO product_images (id,product_id,file_path,file_url,file_size_bytes,mime_type,image_type,processing_status,uploaded_at,created_at,updated_at) VALUES ('353d1039-dc0d-4429-a457-6289d204c009','6bf38777-8241-442b-b443-8ed648f7ee8b','/uploads/8901262010011_20.jpg','https://cdn.expiry.io/8901262010011_20.jpg',403064,'image/jpeg','front_label','uploaded',NOW(),NOW(),NOW()) ON CONFLICT DO NOTHING;
INSERT INTO product_images (id,product_id,file_path,file_url,file_size_bytes,mime_type,image_type,processing_status,uploaded_at,created_at,updated_at) VALUES ('0444318f-99cd-472c-924e-409e89a7e1c1','d9d497a6-d070-43eb-a1a1-692a2977f4fa','/uploads/8901058850123_21.jpg','https://cdn.expiry.io/8901058850123_21.jpg',236146,'image/jpeg','back_label','ocr_pending',NOW(),NOW(),NOW()) ON CONFLICT DO NOTHING;
INSERT INTO product_images (id,product_id,file_path,file_url,file_size_bytes,mime_type,image_type,processing_status,uploaded_at,created_at,updated_at) VALUES ('82ea9a1b-41a7-481e-a43a-463a3088c964','0ca02492-67f1-43cb-979e-db3f38ba9dfc','/uploads/8901648004321_22.jpg','https://cdn.expiry.io/8901648004321_22.jpg',204266,'image/jpeg','barcode_close_up','ocr_completed',NOW(),NOW(),NOW()) ON CONFLICT DO NOTHING;
INSERT INTO product_images (id,product_id,file_path,file_url,file_size_bytes,mime_type,image_type,processing_status,uploaded_at,created_at,updated_at) VALUES ('518f7984-df45-4315-ba6c-f8016bda0e94','1069962a-5fe1-4d05-8fce-cd0ed1d93ee7','/uploads/8901262030019_23.jpg','https://cdn.expiry.io/8901262030019_23.jpg',419748,'image/jpeg','product_photo','uploaded',NOW(),NOW(),NOW()) ON CONFLICT DO NOTHING;
INSERT INTO product_images (id,product_id,file_path,file_url,file_size_bytes,mime_type,image_type,processing_status,uploaded_at,created_at,updated_at) VALUES ('f3b1f04c-f02f-4f02-a9db-6cd6042277c6','8c9a25a7-71ec-4d1c-b613-5e20d1bcf839','/uploads/8901063160012_24.jpg','https://cdn.expiry.io/8901063160012_24.jpg',480543,'image/jpeg','side_label','failed',NOW(),NOW(),NOW()) ON CONFLICT DO NOTHING;
INSERT INTO product_images (id,product_id,file_path,file_url,file_size_bytes,mime_type,image_type,processing_status,uploaded_at,created_at,updated_at) VALUES ('9ed738b0-6529-4371-8285-71b863bfa606','bd4b5334-9134-48cf-bb3c-1d374d33063f','/uploads/8901058000027_25.jpg','https://cdn.expiry.io/8901058000027_25.jpg',336087,'image/jpeg','front_label','uploaded',NOW(),NOW(),NOW()) ON CONFLICT DO NOTHING;
INSERT INTO product_images (id,product_id,file_path,file_url,file_size_bytes,mime_type,image_type,processing_status,uploaded_at,created_at,updated_at) VALUES ('1dd68e9a-925b-4ebc-a39f-458014578ac1','7e607917-5552-4d9c-9e38-49f5c326facb','/uploads/8901030789010_26.jpg','https://cdn.expiry.io/8901030789010_26.jpg',333716,'image/jpeg','back_label','ocr_pending',NOW(),NOW(),NOW()) ON CONFLICT DO NOTHING;
INSERT INTO product_images (id,product_id,file_path,file_url,file_size_bytes,mime_type,image_type,processing_status,uploaded_at,created_at,updated_at) VALUES ('4d09a8fa-d4e3-496b-b81a-7236df5c2081','6e5256ac-650d-4eb7-aee8-ff304e7778df','/uploads/8901063150245_27.jpg','https://cdn.expiry.io/8901063150245_27.jpg',391860,'image/jpeg','barcode_close_up','ocr_completed',NOW(),NOW(),NOW()) ON CONFLICT DO NOTHING;
INSERT INTO product_images (id,product_id,file_path,file_url,file_size_bytes,mime_type,image_type,processing_status,uploaded_at,created_at,updated_at) VALUES ('87d1e9b3-42ac-4239-8e48-cbd290ff8d5b','425ad452-1999-416e-a374-f5004e137c5a','/uploads/8904117100018_28.jpg','https://cdn.expiry.io/8904117100018_28.jpg',336026,'image/jpeg','product_photo','uploaded',NOW(),NOW(),NOW()) ON CONFLICT DO NOTHING;
INSERT INTO product_images (id,product_id,file_path,file_url,file_size_bytes,mime_type,image_type,processing_status,uploaded_at,created_at,updated_at) VALUES ('2df96246-62f1-427a-a268-427cea012a69','cdfb993f-640a-4116-8211-f53cd0326391','/uploads/8901088100015_29.jpg','https://cdn.expiry.io/8901088100015_29.jpg',470498,'image/jpeg','side_label','failed',NOW(),NOW(),NOW()) ON CONFLICT DO NOTHING;

-- ════════════════════════════════════════
-- 5. OCR RESULTS  (28 extractions)
-- ════════════════════════════════════════
INSERT INTO ocr_results (id,product_image_id,inventory_item_id,raw_text,ocr_engine,ocr_engine_version,extracted_text_blocks,overall_confidence,ocr_status,failure_reason,processed_at,created_at,updated_at) VALUES ('a2e32221-d633-4ecf-84f6-3f19c0868a7c','6751426b-04a3-4ef9-ace7-3dfc364e4f6e','7d794e28-dd45-43f1-9d10-b83ec8f8abd6','MFG: 01/03/2026  EXP: 01/09/2026  BATCH: LOT-221A','tesseract-5.3','1.0','[{"label":"MFG","value":"01/03/2026"},{"label":"EXP","value":"01/09/2026"}]',NULL,'pending',NULL,NULL,NOW(),NOW()) ON CONFLICT DO NOTHING;
INSERT INTO ocr_results (id,product_image_id,inventory_item_id,raw_text,ocr_engine,ocr_engine_version,extracted_text_blocks,overall_confidence,ocr_status,failure_reason,processed_at,created_at,updated_at) VALUES ('de175410-053d-402d-94b1-03aa85b91ee0','92cce1d4-fc8c-49ea-bb5d-d46bb2b33f64','ce64a18e-19e3-4fe8-9db9-dc1e7eab0dba','Manufacturing Date: March 2026  Best Before: Sep 2026','google-vision-v1','1.0','[{"label":"Best Before","value":"Sep 2026"}]',0.6194,'completed',NULL,NOW(),NOW(),NOW()) ON CONFLICT DO NOTHING;
INSERT INTO ocr_results (id,product_image_id,inventory_item_id,raw_text,ocr_engine,ocr_engine_version,extracted_text_blocks,overall_confidence,ocr_status,failure_reason,processed_at,created_at,updated_at) VALUES ('a086bb10-365f-40ef-bb37-effa79016fa4','9e10fdb6-288d-41f6-8090-89de89d349b4','742f9e7e-b842-4e68-b9e2-d4f19cb89ed1','Mfd: 15.02.2026  Use by: 15.08.2026  Batch No: B4421','aws-textract-v2','1.0','[{"label":"Mfd","value":"15.02.2026"},{"label":"Use by","value":"15.08.2026"}]',0.6074,'completed',NULL,NOW(),NOW(),NOW()) ON CONFLICT DO NOTHING;
INSERT INTO ocr_results (id,product_image_id,inventory_item_id,raw_text,ocr_engine,ocr_engine_version,extracted_text_blocks,overall_confidence,ocr_status,failure_reason,processed_at,created_at,updated_at) VALUES ('bd279d7a-27e6-46f5-bc33-b85a4ae1611d','e4b4283b-1779-46e8-b33c-0a6634383785','c3460235-b703-4b9a-92bc-edbad2e62924','PROD DATE: 20/04/26  EXP DATE: 20/10/26  MRP Rs.45','tesseract-5.3','1.0','[]',0.964,'completed',NULL,NOW(),NOW(),NOW()) ON CONFLICT DO NOTHING;
INSERT INTO ocr_results (id,product_image_id,inventory_item_id,raw_text,ocr_engine,ocr_engine_version,extracted_text_blocks,overall_confidence,ocr_status,failure_reason,processed_at,created_at,updated_at) VALUES ('a29275f2-b077-499a-aee1-476cd3d0d185','b7144a92-a59e-4bb7-8b4e-3385a2756d92','50fb6d07-6219-47f3-9f9f-878534c92fb5','Label torn -- partial text only: ...exp 06/2026...','google-vision-v1','1.0','[{"label":"MFG","value":"01/03/2026"},{"label":"EXP","value":"01/09/2026"}]',NULL,'failed','OCR engine timeout',NOW(),NOW(),NOW()) ON CONFLICT DO NOTHING;
INSERT INTO ocr_results (id,product_image_id,inventory_item_id,raw_text,ocr_engine,ocr_engine_version,extracted_text_blocks,overall_confidence,ocr_status,failure_reason,processed_at,created_at,updated_at) VALUES ('e15c9732-2dca-49d7-b807-80d990973313','4fc6147c-289b-4fff-959f-ffd995ef8c54','40569013-98ec-4da6-9be2-5a51744559fd','MFG 2026-01-10  EXP 2026-07-10  LOT 9921B','aws-textract-v2','1.0','[{"label":"Best Before","value":"Sep 2026"}]',NULL,'pending',NULL,NULL,NOW(),NOW()) ON CONFLICT DO NOTHING;
INSERT INTO ocr_results (id,product_image_id,inventory_item_id,raw_text,ocr_engine,ocr_engine_version,extracted_text_blocks,overall_confidence,ocr_status,failure_reason,processed_at,created_at,updated_at) VALUES ('903ebad0-650d-4330-b596-48057cd95fee','f7b433ae-f422-419a-8b2c-156cc7e8dab6','d58109a8-b8fe-44d3-baa9-13e50c1c9a33','Manufactured: Feb 2026  Expiry: Aug 2026  Batch: F221','tesseract-5.3','1.0','[{"label":"Mfd","value":"15.02.2026"},{"label":"Use by","value":"15.08.2026"}]',0.9352,'completed',NULL,NOW(),NOW(),NOW()) ON CONFLICT DO NOTHING;
INSERT INTO ocr_results (id,product_image_id,inventory_item_id,raw_text,ocr_engine,ocr_engine_version,extracted_text_blocks,overall_confidence,ocr_status,failure_reason,processed_at,created_at,updated_at) VALUES ('bc0ce169-890c-4e2f-9d87-078639f052e3','4fe3b41b-a423-4bbe-8830-745e36a36c46','007abc33-245d-470c-8e58-3014aacd36f2','MFG: 01/03/2026  EXP: 01/09/2026  BATCH: LOT-221A','google-vision-v1','1.0','[]',0.8229,'completed',NULL,NOW(),NOW(),NOW()) ON CONFLICT DO NOTHING;
INSERT INTO ocr_results (id,product_image_id,inventory_item_id,raw_text,ocr_engine,ocr_engine_version,extracted_text_blocks,overall_confidence,ocr_status,failure_reason,processed_at,created_at,updated_at) VALUES ('e8d5b1ba-f8e8-439c-9378-70976ecc7516','efc630fb-5bd4-4cf9-948e-336b209ab708','8cc23309-11e7-43bb-81cf-0b47abe33505','Manufacturing Date: March 2026  Best Before: Sep 2026','aws-textract-v2','1.0','[{"label":"MFG","value":"01/03/2026"},{"label":"EXP","value":"01/09/2026"}]',0.7459,'completed',NULL,NOW(),NOW(),NOW()) ON CONFLICT DO NOTHING;
INSERT INTO ocr_results (id,product_image_id,inventory_item_id,raw_text,ocr_engine,ocr_engine_version,extracted_text_blocks,overall_confidence,ocr_status,failure_reason,processed_at,created_at,updated_at) VALUES ('d93d8193-38df-43db-b035-fb5a43a0ec36','2f179d5a-aa69-41b8-9de9-81d325fbf3af','8c0a3645-0118-4909-ac22-8aeebb844028','Mfd: 15.02.2026  Use by: 15.08.2026  Batch No: B4421','tesseract-5.3','1.0','[{"label":"Best Before","value":"Sep 2026"}]',NULL,'failed','OCR engine timeout',NOW(),NOW(),NOW()) ON CONFLICT DO NOTHING;
INSERT INTO ocr_results (id,product_image_id,inventory_item_id,raw_text,ocr_engine,ocr_engine_version,extracted_text_blocks,overall_confidence,ocr_status,failure_reason,processed_at,created_at,updated_at) VALUES ('75e4b590-adc6-48ca-8385-69d95effab32','c87be580-174b-41ca-a566-e567d0453e2b','8816c74d-f540-4c87-b898-4952076cfe52','PROD DATE: 20/04/26  EXP DATE: 20/10/26  MRP Rs.45','google-vision-v1','1.0','[{"label":"Mfd","value":"15.02.2026"},{"label":"Use by","value":"15.08.2026"}]',NULL,'pending',NULL,NULL,NOW(),NOW()) ON CONFLICT DO NOTHING;
INSERT INTO ocr_results (id,product_image_id,inventory_item_id,raw_text,ocr_engine,ocr_engine_version,extracted_text_blocks,overall_confidence,ocr_status,failure_reason,processed_at,created_at,updated_at) VALUES ('ca699f20-52f6-4fa3-a45a-8316246a00b3','179ea423-b6aa-40c1-bd07-51703839f7fd','973613c3-6985-40f7-99fe-59a17f56e043','Label torn -- partial text only: ...exp 06/2026...','aws-textract-v2','1.0','[]',0.8596,'completed',NULL,NOW(),NOW(),NOW()) ON CONFLICT DO NOTHING;
INSERT INTO ocr_results (id,product_image_id,inventory_item_id,raw_text,ocr_engine,ocr_engine_version,extracted_text_blocks,overall_confidence,ocr_status,failure_reason,processed_at,created_at,updated_at) VALUES ('ac341a44-90d5-4f65-8e1f-481fb7c58c0b','d1761a4e-f230-4ee4-b2ce-f67ab05d2971','5e136600-e2ee-4ab7-ab30-68e788af7722','MFG 2026-01-10  EXP 2026-07-10  LOT 9921B','tesseract-5.3','1.0','[{"label":"MFG","value":"01/03/2026"},{"label":"EXP","value":"01/09/2026"}]',0.9286,'completed',NULL,NOW(),NOW(),NOW()) ON CONFLICT DO NOTHING;
INSERT INTO ocr_results (id,product_image_id,inventory_item_id,raw_text,ocr_engine,ocr_engine_version,extracted_text_blocks,overall_confidence,ocr_status,failure_reason,processed_at,created_at,updated_at) VALUES ('021831b0-0064-4130-8cf2-410b6392bd06','0ca79f27-7910-4170-8789-229746338c60','02a4ec16-a3c4-45d8-93af-c52745daebc9','Manufactured: Feb 2026  Expiry: Aug 2026  Batch: F221','google-vision-v1','1.0','[{"label":"Best Before","value":"Sep 2026"}]',0.8871,'completed',NULL,NOW(),NOW(),NOW()) ON CONFLICT DO NOTHING;
INSERT INTO ocr_results (id,product_image_id,inventory_item_id,raw_text,ocr_engine,ocr_engine_version,extracted_text_blocks,overall_confidence,ocr_status,failure_reason,processed_at,created_at,updated_at) VALUES ('6bd98b10-a9b8-4186-a6a2-c93b0547b837','a03f10d6-6bc0-4486-9422-cf714b98bc92','fb05b148-bd2b-4f1d-937e-66513bc46ba8','MFG: 01/03/2026  EXP: 01/09/2026  BATCH: LOT-221A','aws-textract-v2','1.0','[{"label":"Mfd","value":"15.02.2026"},{"label":"Use by","value":"15.08.2026"}]',NULL,'failed','OCR engine timeout',NOW(),NOW(),NOW()) ON CONFLICT DO NOTHING;
INSERT INTO ocr_results (id,product_image_id,inventory_item_id,raw_text,ocr_engine,ocr_engine_version,extracted_text_blocks,overall_confidence,ocr_status,failure_reason,processed_at,created_at,updated_at) VALUES ('cf57fff7-9f35-40fe-800a-0c53b549c032','e33f1288-034f-48a0-b928-6c64fb7c8e5b','af992d56-d7d5-4588-a643-6b283216cc59','Manufacturing Date: March 2026  Best Before: Sep 2026','tesseract-5.3','1.0','[]',NULL,'pending',NULL,NULL,NOW(),NOW()) ON CONFLICT DO NOTHING;
INSERT INTO ocr_results (id,product_image_id,inventory_item_id,raw_text,ocr_engine,ocr_engine_version,extracted_text_blocks,overall_confidence,ocr_status,failure_reason,processed_at,created_at,updated_at) VALUES ('4a1055a1-9057-41d5-a22c-a5dd4db62238','92098502-fe67-4c79-91c0-959804e3abfe','ab240a4e-6caf-41d2-a793-ceef3d00131e','Mfd: 15.02.2026  Use by: 15.08.2026  Batch No: B4421','google-vision-v1','1.0','[{"label":"MFG","value":"01/03/2026"},{"label":"EXP","value":"01/09/2026"}]',0.7443,'completed',NULL,NOW(),NOW(),NOW()) ON CONFLICT DO NOTHING;
INSERT INTO ocr_results (id,product_image_id,inventory_item_id,raw_text,ocr_engine,ocr_engine_version,extracted_text_blocks,overall_confidence,ocr_status,failure_reason,processed_at,created_at,updated_at) VALUES ('90cfb6c0-621b-4200-8baa-ff0940b7fad2','1fc279a6-aa15-4c5e-8ee8-c344343f4095','79318c4c-0ee9-48e6-8b34-b9600fa345ef','PROD DATE: 20/04/26  EXP DATE: 20/10/26  MRP Rs.45','aws-textract-v2','1.0','[{"label":"Best Before","value":"Sep 2026"}]',0.5841,'completed',NULL,NOW(),NOW(),NOW()) ON CONFLICT DO NOTHING;
INSERT INTO ocr_results (id,product_image_id,inventory_item_id,raw_text,ocr_engine,ocr_engine_version,extracted_text_blocks,overall_confidence,ocr_status,failure_reason,processed_at,created_at,updated_at) VALUES ('73405122-b879-49ce-9164-d5f508f13b2c','fb589bcf-45df-405a-ad67-c8fe272b191d','c7efe4b7-3c70-4fad-976c-542cef8fcc6c','Label torn -- partial text only: ...exp 06/2026...','tesseract-5.3','1.0','[{"label":"Mfd","value":"15.02.2026"},{"label":"Use by","value":"15.08.2026"}]',0.8209,'completed',NULL,NOW(),NOW(),NOW()) ON CONFLICT DO NOTHING;
INSERT INTO ocr_results (id,product_image_id,inventory_item_id,raw_text,ocr_engine,ocr_engine_version,extracted_text_blocks,overall_confidence,ocr_status,failure_reason,processed_at,created_at,updated_at) VALUES ('5c0cea49-f523-40e5-87e2-bafea7705d49','e922a082-3003-4464-817d-926fc3b41428','2dc76abb-94d9-4416-8d88-6fce79af77ff','MFG 2026-01-10  EXP 2026-07-10  LOT 9921B','google-vision-v1','1.0','[]',NULL,'failed','OCR engine timeout',NOW(),NOW(),NOW()) ON CONFLICT DO NOTHING;
INSERT INTO ocr_results (id,product_image_id,inventory_item_id,raw_text,ocr_engine,ocr_engine_version,extracted_text_blocks,overall_confidence,ocr_status,failure_reason,processed_at,created_at,updated_at) VALUES ('12bc26de-ad40-41e9-9705-0f89be733840','353d1039-dc0d-4429-a457-6289d204c009','7b151aec-98d0-4492-a3af-cefa373d4a0d','Manufactured: Feb 2026  Expiry: Aug 2026  Batch: F221','aws-textract-v2','1.0','[{"label":"MFG","value":"01/03/2026"},{"label":"EXP","value":"01/09/2026"}]',NULL,'pending',NULL,NULL,NOW(),NOW()) ON CONFLICT DO NOTHING;
INSERT INTO ocr_results (id,product_image_id,inventory_item_id,raw_text,ocr_engine,ocr_engine_version,extracted_text_blocks,overall_confidence,ocr_status,failure_reason,processed_at,created_at,updated_at) VALUES ('a4dce4e2-1837-4ae0-a918-2d92d4c1f4c9','0444318f-99cd-472c-924e-409e89a7e1c1','380df1be-e27b-473b-80bf-727c77184720','MFG: 01/03/2026  EXP: 01/09/2026  BATCH: LOT-221A','tesseract-5.3','1.0','[{"label":"Best Before","value":"Sep 2026"}]',0.8624,'completed',NULL,NOW(),NOW(),NOW()) ON CONFLICT DO NOTHING;
INSERT INTO ocr_results (id,product_image_id,inventory_item_id,raw_text,ocr_engine,ocr_engine_version,extracted_text_blocks,overall_confidence,ocr_status,failure_reason,processed_at,created_at,updated_at) VALUES ('313287fe-5017-4bc2-bab2-f3d4b172743b','82ea9a1b-41a7-481e-a43a-463a3088c964','6097417e-6ae3-48f9-8d69-cd1841eac542','Manufacturing Date: March 2026  Best Before: Sep 2026','google-vision-v1','1.0','[{"label":"Mfd","value":"15.02.2026"},{"label":"Use by","value":"15.08.2026"}]',0.9826,'completed',NULL,NOW(),NOW(),NOW()) ON CONFLICT DO NOTHING;
INSERT INTO ocr_results (id,product_image_id,inventory_item_id,raw_text,ocr_engine,ocr_engine_version,extracted_text_blocks,overall_confidence,ocr_status,failure_reason,processed_at,created_at,updated_at) VALUES ('dc6e19a1-711c-4c65-9d94-0a9e6d6ac369','518f7984-df45-4315-ba6c-f8016bda0e94','6ca3bed0-b39b-4b3d-8353-84cdf44f8d26','Mfd: 15.02.2026  Use by: 15.08.2026  Batch No: B4421','aws-textract-v2','1.0','[]',0.8327,'completed',NULL,NOW(),NOW(),NOW()) ON CONFLICT DO NOTHING;
INSERT INTO ocr_results (id,product_image_id,inventory_item_id,raw_text,ocr_engine,ocr_engine_version,extracted_text_blocks,overall_confidence,ocr_status,failure_reason,processed_at,created_at,updated_at) VALUES ('7463369c-24b4-4b07-be76-2915d88c1c4f','f3b1f04c-f02f-4f02-a9db-6cd6042277c6','6fc21afd-93ec-458c-9ddc-5c53d61250d6','PROD DATE: 20/04/26  EXP DATE: 20/10/26  MRP Rs.45','tesseract-5.3','1.0','[{"label":"MFG","value":"01/03/2026"},{"label":"EXP","value":"01/09/2026"}]',NULL,'failed','OCR engine timeout',NOW(),NOW(),NOW()) ON CONFLICT DO NOTHING;
INSERT INTO ocr_results (id,product_image_id,inventory_item_id,raw_text,ocr_engine,ocr_engine_version,extracted_text_blocks,overall_confidence,ocr_status,failure_reason,processed_at,created_at,updated_at) VALUES ('81cd1c07-ad19-459e-86da-463b182f5294','9ed738b0-6529-4371-8285-71b863bfa606','7d794e28-dd45-43f1-9d10-b83ec8f8abd6','Label torn -- partial text only: ...exp 06/2026...','google-vision-v1','1.0','[{"label":"Best Before","value":"Sep 2026"}]',NULL,'pending',NULL,NULL,NOW(),NOW()) ON CONFLICT DO NOTHING;
INSERT INTO ocr_results (id,product_image_id,inventory_item_id,raw_text,ocr_engine,ocr_engine_version,extracted_text_blocks,overall_confidence,ocr_status,failure_reason,processed_at,created_at,updated_at) VALUES ('84993f30-bf44-422a-9b59-103eed2d94ff','1dd68e9a-925b-4ebc-a39f-458014578ac1','ce64a18e-19e3-4fe8-9db9-dc1e7eab0dba','MFG 2026-01-10  EXP 2026-07-10  LOT 9921B','aws-textract-v2','1.0','[{"label":"Mfd","value":"15.02.2026"},{"label":"Use by","value":"15.08.2026"}]',0.6234,'completed',NULL,NOW(),NOW(),NOW()) ON CONFLICT DO NOTHING;
INSERT INTO ocr_results (id,product_image_id,inventory_item_id,raw_text,ocr_engine,ocr_engine_version,extracted_text_blocks,overall_confidence,ocr_status,failure_reason,processed_at,created_at,updated_at) VALUES ('37d40599-4657-4643-80b8-38d60d4940f4','4d09a8fa-d4e3-496b-b81a-7236df5c2081','742f9e7e-b842-4e68-b9e2-d4f19cb89ed1','Manufactured: Feb 2026  Expiry: Aug 2026  Batch: F221','tesseract-5.3','1.0','[]',0.5897,'completed',NULL,NOW(),NOW(),NOW()) ON CONFLICT DO NOTHING;

-- ════════════════════════════════════════
-- 6. STORAGE CONTEXTS  (25 records)
-- ════════════════════════════════════════
INSERT INTO storage_contexts (id,inventory_item_id,warehouse_id,zone,aisle,shelf,bin_location,storage_type,temperature_celsius,humidity_percent,notes,recorded_at,created_at,updated_at) VALUES ('b7cfc325-7922-4147-a4bf-21d8f65d6cef','7d794e28-dd45-43f1-9d10-b83ec8f8abd6','WH-DELHI-01','Zone-A','A1','S1','BIN-100','refrigerated',6.26,66.93,'Auto-recorded on intake. Temp/humidity from IoT sensor.',NOW(),NOW(),NOW()) ON CONFLICT (inventory_item_id) DO NOTHING;
INSERT INTO storage_contexts (id,inventory_item_id,warehouse_id,zone,aisle,shelf,bin_location,storage_type,temperature_celsius,humidity_percent,notes,recorded_at,created_at,updated_at) VALUES ('03a24a58-8e57-46b8-b37d-745e3f177074','ce64a18e-19e3-4fe8-9db9-dc1e7eab0dba','WH-MUMBAI-02','Zone-B','A2','S2','BIN-101','refrigerated',3.7,66.54,'Auto-recorded on intake. Temp/humidity from IoT sensor.',NOW(),NOW(),NOW()) ON CONFLICT (inventory_item_id) DO NOTHING;
INSERT INTO storage_contexts (id,inventory_item_id,warehouse_id,zone,aisle,shelf,bin_location,storage_type,temperature_celsius,humidity_percent,notes,recorded_at,created_at,updated_at) VALUES ('24bd8244-ee11-4bfa-bba5-c8469ea4bdba','742f9e7e-b842-4e68-b9e2-d4f19cb89ed1','WH-BANGALORE-03','Cold-Room-1','A3','S3','BIN-102','refrigerated',7.58,53.3,'Auto-recorded on intake. Temp/humidity from IoT sensor.',NOW(),NOW(),NOW()) ON CONFLICT (inventory_item_id) DO NOTHING;
INSERT INTO storage_contexts (id,inventory_item_id,warehouse_id,zone,aisle,shelf,bin_location,storage_type,temperature_celsius,humidity_percent,notes,recorded_at,created_at,updated_at) VALUES ('9989d099-84b9-4684-8320-2a9f6cddbb86','c3460235-b703-4b9a-92bc-edbad2e62924','WH-DELHI-01','Cold-Room-2','A4','S4','BIN-103','refrigerated',2.24,66.82,'Auto-recorded on intake. Temp/humidity from IoT sensor.',NOW(),NOW(),NOW()) ON CONFLICT (inventory_item_id) DO NOTHING;
INSERT INTO storage_contexts (id,inventory_item_id,warehouse_id,zone,aisle,shelf,bin_location,storage_type,temperature_celsius,humidity_percent,notes,recorded_at,created_at,updated_at) VALUES ('bcb487db-c7b0-4187-9262-834565a2b298','50fb6d07-6219-47f3-9f9f-878534c92fb5','WH-MUMBAI-02','Frozen-Bay','A5','S1','BIN-104','ambient',23.61,61.38,'Auto-recorded on intake. Temp/humidity from IoT sensor.',NOW(),NOW(),NOW()) ON CONFLICT (inventory_item_id) DO NOTHING;
INSERT INTO storage_contexts (id,inventory_item_id,warehouse_id,zone,aisle,shelf,bin_location,storage_type,temperature_celsius,humidity_percent,notes,recorded_at,created_at,updated_at) VALUES ('41626435-f47c-4ada-a8de-b13c3eb19a11','40569013-98ec-4da6-9be2-5a51744559fd','WH-BANGALORE-03','Ambient-Rack-3','A1','S2','BIN-105','refrigerated',4.29,60.84,'Auto-recorded on intake. Temp/humidity from IoT sensor.',NOW(),NOW(),NOW()) ON CONFLICT (inventory_item_id) DO NOTHING;
INSERT INTO storage_contexts (id,inventory_item_id,warehouse_id,zone,aisle,shelf,bin_location,storage_type,temperature_celsius,humidity_percent,notes,recorded_at,created_at,updated_at) VALUES ('2840ed33-d303-4f8b-9b26-a715f3fcc625','d58109a8-b8fe-44d3-baa9-13e50c1c9a33','WH-DELHI-01','Zone-A','A2','S3','BIN-106','ambient',21.1,56.37,'Auto-recorded on intake. Temp/humidity from IoT sensor.',NOW(),NOW(),NOW()) ON CONFLICT (inventory_item_id) DO NOTHING;
INSERT INTO storage_contexts (id,inventory_item_id,warehouse_id,zone,aisle,shelf,bin_location,storage_type,temperature_celsius,humidity_percent,notes,recorded_at,created_at,updated_at) VALUES ('8712aefa-cf5f-431f-8274-5cfc4a07f494','007abc33-245d-470c-8e58-3014aacd36f2','WH-MUMBAI-02','Zone-B','A3','S4','BIN-107','ambient',22.3,56.73,'Auto-recorded on intake. Temp/humidity from IoT sensor.',NOW(),NOW(),NOW()) ON CONFLICT (inventory_item_id) DO NOTHING;
INSERT INTO storage_contexts (id,inventory_item_id,warehouse_id,zone,aisle,shelf,bin_location,storage_type,temperature_celsius,humidity_percent,notes,recorded_at,created_at,updated_at) VALUES ('3172f13d-34f9-43cf-872e-2dd4f39416ec','8cc23309-11e7-43bb-81cf-0b47abe33505','WH-BANGALORE-03','Cold-Room-1','A4','S1','BIN-108','ambient',22.02,46.56,'Auto-recorded on intake. Temp/humidity from IoT sensor.',NOW(),NOW(),NOW()) ON CONFLICT (inventory_item_id) DO NOTHING;
INSERT INTO storage_contexts (id,inventory_item_id,warehouse_id,zone,aisle,shelf,bin_location,storage_type,temperature_celsius,humidity_percent,notes,recorded_at,created_at,updated_at) VALUES ('ab39fc31-6186-452f-ac23-93de6b4390a3','8c0a3645-0118-4909-ac22-8aeebb844028','WH-DELHI-01','Cold-Room-2','A5','S2','BIN-109','ambient',20.48,56.7,'Auto-recorded on intake. Temp/humidity from IoT sensor.',NOW(),NOW(),NOW()) ON CONFLICT (inventory_item_id) DO NOTHING;
INSERT INTO storage_contexts (id,inventory_item_id,warehouse_id,zone,aisle,shelf,bin_location,storage_type,temperature_celsius,humidity_percent,notes,recorded_at,created_at,updated_at) VALUES ('2361ad61-7565-4afa-8fb3-bacc2a610966','8816c74d-f540-4c87-b898-4952076cfe52','WH-MUMBAI-02','Frozen-Bay','A1','S3','BIN-110','ambient',19.97,64.42,'Auto-recorded on intake. Temp/humidity from IoT sensor.',NOW(),NOW(),NOW()) ON CONFLICT (inventory_item_id) DO NOTHING;
INSERT INTO storage_contexts (id,inventory_item_id,warehouse_id,zone,aisle,shelf,bin_location,storage_type,temperature_celsius,humidity_percent,notes,recorded_at,created_at,updated_at) VALUES ('438ca085-4dbf-4cee-b774-bd2d46cdb88e','973613c3-6985-40f7-99fe-59a17f56e043','WH-BANGALORE-03','Ambient-Rack-3','A2','S4','BIN-111','ambient',20.22,66.66,'Auto-recorded on intake. Temp/humidity from IoT sensor.',NOW(),NOW(),NOW()) ON CONFLICT (inventory_item_id) DO NOTHING;
INSERT INTO storage_contexts (id,inventory_item_id,warehouse_id,zone,aisle,shelf,bin_location,storage_type,temperature_celsius,humidity_percent,notes,recorded_at,created_at,updated_at) VALUES ('fff90644-5133-4798-8b70-679e48e41a8d','5e136600-e2ee-4ab7-ab30-68e788af7722','WH-DELHI-01','Zone-A','A3','S1','BIN-112','ambient',23.7,64.98,'Auto-recorded on intake. Temp/humidity from IoT sensor.',NOW(),NOW(),NOW()) ON CONFLICT (inventory_item_id) DO NOTHING;
INSERT INTO storage_contexts (id,inventory_item_id,warehouse_id,zone,aisle,shelf,bin_location,storage_type,temperature_celsius,humidity_percent,notes,recorded_at,created_at,updated_at) VALUES ('5c88d60e-48f8-4b2c-9585-e9ddb1a38ab5','02a4ec16-a3c4-45d8-93af-c52745daebc9','WH-MUMBAI-02','Zone-B','A4','S2','BIN-113','ambient',20.21,61.94,'Auto-recorded on intake. Temp/humidity from IoT sensor.',NOW(),NOW(),NOW()) ON CONFLICT (inventory_item_id) DO NOTHING;
INSERT INTO storage_contexts (id,inventory_item_id,warehouse_id,zone,aisle,shelf,bin_location,storage_type,temperature_celsius,humidity_percent,notes,recorded_at,created_at,updated_at) VALUES ('b75d7d28-64c2-4578-bd62-43ed886ea652','fb05b148-bd2b-4f1d-937e-66513bc46ba8','WH-BANGALORE-03','Cold-Room-1','A5','S3','BIN-114','ambient',21.49,57.83,'Auto-recorded on intake. Temp/humidity from IoT sensor.',NOW(),NOW(),NOW()) ON CONFLICT (inventory_item_id) DO NOTHING;
INSERT INTO storage_contexts (id,inventory_item_id,warehouse_id,zone,aisle,shelf,bin_location,storage_type,temperature_celsius,humidity_percent,notes,recorded_at,created_at,updated_at) VALUES ('cd64137a-c0c5-418a-94f8-9c69519a12a9','af992d56-d7d5-4588-a643-6b283216cc59','WH-DELHI-01','Cold-Room-2','A1','S4','BIN-115','ambient',20.29,51.23,'Auto-recorded on intake. Temp/humidity from IoT sensor.',NOW(),NOW(),NOW()) ON CONFLICT (inventory_item_id) DO NOTHING;
INSERT INTO storage_contexts (id,inventory_item_id,warehouse_id,zone,aisle,shelf,bin_location,storage_type,temperature_celsius,humidity_percent,notes,recorded_at,created_at,updated_at) VALUES ('51f9d294-8caa-44fa-b237-da60aaed9ffc','ab240a4e-6caf-41d2-a793-ceef3d00131e','WH-MUMBAI-02','Frozen-Bay','A2','S1','BIN-116','ambient',24.3,45.1,'Auto-recorded on intake. Temp/humidity from IoT sensor.',NOW(),NOW(),NOW()) ON CONFLICT (inventory_item_id) DO NOTHING;
INSERT INTO storage_contexts (id,inventory_item_id,warehouse_id,zone,aisle,shelf,bin_location,storage_type,temperature_celsius,humidity_percent,notes,recorded_at,created_at,updated_at) VALUES ('c51d2dae-43d1-47be-8ce8-4fc3dc0d3919','79318c4c-0ee9-48e6-8b34-b9600fa345ef','WH-BANGALORE-03','Ambient-Rack-3','A3','S2','BIN-117','ambient',27.0,57.17,'Auto-recorded on intake. Temp/humidity from IoT sensor.',NOW(),NOW(),NOW()) ON CONFLICT (inventory_item_id) DO NOTHING;
INSERT INTO storage_contexts (id,inventory_item_id,warehouse_id,zone,aisle,shelf,bin_location,storage_type,temperature_celsius,humidity_percent,notes,recorded_at,created_at,updated_at) VALUES ('fe79eeed-8566-4f89-9003-2613e89d23bd','c7efe4b7-3c70-4fad-976c-542cef8fcc6c','WH-DELHI-01','Zone-A','A4','S3','BIN-118','ambient',23.64,52.79,'Auto-recorded on intake. Temp/humidity from IoT sensor.',NOW(),NOW(),NOW()) ON CONFLICT (inventory_item_id) DO NOTHING;
INSERT INTO storage_contexts (id,inventory_item_id,warehouse_id,zone,aisle,shelf,bin_location,storage_type,temperature_celsius,humidity_percent,notes,recorded_at,created_at,updated_at) VALUES ('a0a7c60b-b4ee-4052-b66c-c162828f0e61','2dc76abb-94d9-4416-8d88-6fce79af77ff','WH-MUMBAI-02','Zone-B','A5','S4','BIN-119','frozen',-18.25,53.76,'Auto-recorded on intake. Temp/humidity from IoT sensor.',NOW(),NOW(),NOW()) ON CONFLICT (inventory_item_id) DO NOTHING;
INSERT INTO storage_contexts (id,inventory_item_id,warehouse_id,zone,aisle,shelf,bin_location,storage_type,temperature_celsius,humidity_percent,notes,recorded_at,created_at,updated_at) VALUES ('5d2431b9-1dcb-4468-9de7-629e04c613c2','7b151aec-98d0-4492-a3af-cefa373d4a0d','WH-BANGALORE-03','Cold-Room-1','A1','S1','BIN-120','refrigerated',3.01,41.73,'Auto-recorded on intake. Temp/humidity from IoT sensor.',NOW(),NOW(),NOW()) ON CONFLICT (inventory_item_id) DO NOTHING;
INSERT INTO storage_contexts (id,inventory_item_id,warehouse_id,zone,aisle,shelf,bin_location,storage_type,temperature_celsius,humidity_percent,notes,recorded_at,created_at,updated_at) VALUES ('7e4c72da-2cd2-43b2-a06f-2bf44f6574b6','380df1be-e27b-473b-80bf-727c77184720','WH-DELHI-01','Cold-Room-2','A2','S2','BIN-121','ambient',21.0,55.3,'Auto-recorded on intake. Temp/humidity from IoT sensor.',NOW(),NOW(),NOW()) ON CONFLICT (inventory_item_id) DO NOTHING;
INSERT INTO storage_contexts (id,inventory_item_id,warehouse_id,zone,aisle,shelf,bin_location,storage_type,temperature_celsius,humidity_percent,notes,recorded_at,created_at,updated_at) VALUES ('c4723d5b-2062-4c6b-8c5d-242f6f3ec233','6097417e-6ae3-48f9-8d69-cd1841eac542','WH-MUMBAI-02','Frozen-Bay','A3','S3','BIN-122','refrigerated',2.17,43.64,'Auto-recorded on intake. Temp/humidity from IoT sensor.',NOW(),NOW(),NOW()) ON CONFLICT (inventory_item_id) DO NOTHING;
INSERT INTO storage_contexts (id,inventory_item_id,warehouse_id,zone,aisle,shelf,bin_location,storage_type,temperature_celsius,humidity_percent,notes,recorded_at,created_at,updated_at) VALUES ('ecd38168-f48d-45d1-8557-e2119370f7c0','6ca3bed0-b39b-4b3d-8353-84cdf44f8d26','WH-BANGALORE-03','Ambient-Rack-3','A4','S4','BIN-123','refrigerated',7.19,57.49,'Auto-recorded on intake. Temp/humidity from IoT sensor.',NOW(),NOW(),NOW()) ON CONFLICT (inventory_item_id) DO NOTHING;
INSERT INTO storage_contexts (id,inventory_item_id,warehouse_id,zone,aisle,shelf,bin_location,storage_type,temperature_celsius,humidity_percent,notes,recorded_at,created_at,updated_at) VALUES ('8f0836ff-a23f-452a-8ae8-dde57ab60fd3','6fc21afd-93ec-458c-9ddc-5c53d61250d6','WH-DELHI-01','Zone-A','A5','S1','BIN-124','ambient',26.75,46.48,'Auto-recorded on intake. Temp/humidity from IoT sensor.',NOW(),NOW(),NOW()) ON CONFLICT (inventory_item_id) DO NOTHING;

-- ════════════════════════════════════════
-- 7. ML PREDICTIONS  (20 records)
-- ════════════════════════════════════════
INSERT INTO ml_predictions (id,inventory_item_id,model_name,model_version,predicted_expiry_date,predicted_remaining_days,predicted_decision,decision_confidence,decision_reason,prediction_status,predicted_at,created_at,updated_at) VALUES ('bac2f0a6-ae00-4181-8a5d-47e3b093fcd7','7d794e28-dd45-43f1-9d10-b83ec8f8abd6','expiry-shelf-v2.1','2.1.0','2026-06-19',-5,'ACCEPTED',0.8771,'Product has sufficient shelf life remaining.','completed',NOW(),NOW(),NOW()) ON CONFLICT DO NOTHING;
INSERT INTO ml_predictions (id,inventory_item_id,model_name,model_version,predicted_expiry_date,predicted_remaining_days,predicted_decision,decision_confidence,decision_reason,prediction_status,predicted_at,created_at,updated_at) VALUES ('0c60ee23-cb32-42fa-848a-5da35175d1a4','ce64a18e-19e3-4fe8-9db9-dc1e7eab0dba','expiry-shelf-v2.1','2.1.0','2026-07-09',15,'PRIORITY_SALE',0.7619,'Nearing expiry -- prioritize for immediate sale.','completed',NOW(),NOW(),NOW()) ON CONFLICT DO NOTHING;
INSERT INTO ml_predictions (id,inventory_item_id,model_name,model_version,predicted_expiry_date,predicted_remaining_days,predicted_decision,decision_confidence,decision_reason,prediction_status,predicted_at,created_at,updated_at) VALUES ('33368482-57a5-4b4a-a5ef-e35c8aa78b86','742f9e7e-b842-4e68-b9e2-d4f19cb89ed1','expiry-shelf-v2.1','2.1.0','2026-08-08',45,'REJECTED',0.8085,'Product is already expired. Do not sell.','completed',NOW(),NOW(),NOW()) ON CONFLICT DO NOTHING;
INSERT INTO ml_predictions (id,inventory_item_id,model_name,model_version,predicted_expiry_date,predicted_remaining_days,predicted_decision,decision_confidence,decision_reason,prediction_status,predicted_at,created_at,updated_at) VALUES ('c8a2678d-6399-4dff-8613-dd8bfe239554','c3460235-b703-4b9a-92bc-edbad2e62924','expiry-shelf-v2.1','2.1.0','2026-10-22',120,'REJECTED',0.7574,'Remaining shelf life below reject threshold.','completed',NOW(),NOW(),NOW()) ON CONFLICT DO NOTHING;
INSERT INTO ml_predictions (id,inventory_item_id,model_name,model_version,predicted_expiry_date,predicted_remaining_days,predicted_decision,decision_confidence,decision_reason,prediction_status,predicted_at,created_at,updated_at) VALUES ('bda06d00-482d-4be6-8d74-9313b416d53d','50fb6d07-6219-47f3-9f9f-878534c92fb5','expiry-shelf-v2.1','2.1.0',NULL,NULL,'REQUIRES_REVIEW',0.9674,'Confidence too low -- requires human review.','completed',NOW(),NOW(),NOW()) ON CONFLICT DO NOTHING;
INSERT INTO ml_predictions (id,inventory_item_id,model_name,model_version,predicted_expiry_date,predicted_remaining_days,predicted_decision,decision_confidence,decision_reason,prediction_status,predicted_at,created_at,updated_at) VALUES ('a8f02249-3769-4051-b43e-c151b15ac56b','40569013-98ec-4da6-9be2-5a51744559fd','expiry-shelf-v2.1','2.1.0','2026-06-19',-5,'ACCEPTED',0.8306,'Product has sufficient shelf life remaining.','completed',NOW(),NOW(),NOW()) ON CONFLICT DO NOTHING;
INSERT INTO ml_predictions (id,inventory_item_id,model_name,model_version,predicted_expiry_date,predicted_remaining_days,predicted_decision,decision_confidence,decision_reason,prediction_status,predicted_at,created_at,updated_at) VALUES ('9042f410-a8c1-40bf-9e37-5edc059fd875','d58109a8-b8fe-44d3-baa9-13e50c1c9a33','expiry-shelf-v2.1','2.1.0','2026-07-09',15,'PRIORITY_SALE',0.8401,'Nearing expiry -- prioritize for immediate sale.','completed',NOW(),NOW(),NOW()) ON CONFLICT DO NOTHING;
INSERT INTO ml_predictions (id,inventory_item_id,model_name,model_version,predicted_expiry_date,predicted_remaining_days,predicted_decision,decision_confidence,decision_reason,prediction_status,predicted_at,created_at,updated_at) VALUES ('fc9dfaf9-4e73-4bc9-b3a8-8a7034f0230a','007abc33-245d-470c-8e58-3014aacd36f2','expiry-shelf-v2.1','2.1.0','2026-08-08',45,'REJECTED',0.8312,'Product is already expired. Do not sell.','completed',NOW(),NOW(),NOW()) ON CONFLICT DO NOTHING;
INSERT INTO ml_predictions (id,inventory_item_id,model_name,model_version,predicted_expiry_date,predicted_remaining_days,predicted_decision,decision_confidence,decision_reason,prediction_status,predicted_at,created_at,updated_at) VALUES ('4f9eeadc-4080-4266-b2cf-1d8bc90f621e','8cc23309-11e7-43bb-81cf-0b47abe33505','expiry-shelf-v2.1','2.1.0','2026-10-22',120,'REJECTED',0.9327,'Remaining shelf life below reject threshold.','completed',NOW(),NOW(),NOW()) ON CONFLICT DO NOTHING;
INSERT INTO ml_predictions (id,inventory_item_id,model_name,model_version,predicted_expiry_date,predicted_remaining_days,predicted_decision,decision_confidence,decision_reason,prediction_status,predicted_at,created_at,updated_at) VALUES ('e48a0c10-ceca-44dd-8157-79200041019f','8c0a3645-0118-4909-ac22-8aeebb844028','expiry-shelf-v2.1','2.1.0',NULL,NULL,'REQUIRES_REVIEW',0.8795,'Confidence too low -- requires human review.','completed',NOW(),NOW(),NOW()) ON CONFLICT DO NOTHING;
INSERT INTO ml_predictions (id,inventory_item_id,model_name,model_version,predicted_expiry_date,predicted_remaining_days,predicted_decision,decision_confidence,decision_reason,prediction_status,predicted_at,created_at,updated_at) VALUES ('563dfc0b-c1b6-469c-8b44-fe4ea62d17a7','8816c74d-f540-4c87-b898-4952076cfe52','expiry-shelf-v2.1','2.1.0','2026-06-19',-5,'ACCEPTED',0.948,'Product has sufficient shelf life remaining.','completed',NOW(),NOW(),NOW()) ON CONFLICT DO NOTHING;
INSERT INTO ml_predictions (id,inventory_item_id,model_name,model_version,predicted_expiry_date,predicted_remaining_days,predicted_decision,decision_confidence,decision_reason,prediction_status,predicted_at,created_at,updated_at) VALUES ('6a6b4ab7-3e99-475e-81c3-2c9e416a8f74','973613c3-6985-40f7-99fe-59a17f56e043','expiry-shelf-v2.1','2.1.0','2026-07-09',15,'PRIORITY_SALE',0.8735,'Nearing expiry -- prioritize for immediate sale.','completed',NOW(),NOW(),NOW()) ON CONFLICT DO NOTHING;
INSERT INTO ml_predictions (id,inventory_item_id,model_name,model_version,predicted_expiry_date,predicted_remaining_days,predicted_decision,decision_confidence,decision_reason,prediction_status,predicted_at,created_at,updated_at) VALUES ('7203dcbf-0f67-4986-ba72-03d2207f4284','5e136600-e2ee-4ab7-ab30-68e788af7722','expiry-shelf-v2.1','2.1.0','2026-08-08',45,'REJECTED',0.7911,'Product is already expired. Do not sell.','completed',NOW(),NOW(),NOW()) ON CONFLICT DO NOTHING;
INSERT INTO ml_predictions (id,inventory_item_id,model_name,model_version,predicted_expiry_date,predicted_remaining_days,predicted_decision,decision_confidence,decision_reason,prediction_status,predicted_at,created_at,updated_at) VALUES ('cfce034a-d8b9-4bda-bf8c-b7a3681c4b6f','02a4ec16-a3c4-45d8-93af-c52745daebc9','expiry-shelf-v2.1','2.1.0','2026-10-22',120,'REJECTED',0.7506,'Remaining shelf life below reject threshold.','completed',NOW(),NOW(),NOW()) ON CONFLICT DO NOTHING;
INSERT INTO ml_predictions (id,inventory_item_id,model_name,model_version,predicted_expiry_date,predicted_remaining_days,predicted_decision,decision_confidence,decision_reason,prediction_status,predicted_at,created_at,updated_at) VALUES ('a1c460cd-9344-40da-a3a8-cbf32f8db988','fb05b148-bd2b-4f1d-937e-66513bc46ba8','expiry-shelf-v2.1','2.1.0',NULL,NULL,'REQUIRES_REVIEW',0.8661,'Confidence too low -- requires human review.','completed',NOW(),NOW(),NOW()) ON CONFLICT DO NOTHING;
INSERT INTO ml_predictions (id,inventory_item_id,model_name,model_version,predicted_expiry_date,predicted_remaining_days,predicted_decision,decision_confidence,decision_reason,prediction_status,predicted_at,created_at,updated_at) VALUES ('9f3d534a-8c5c-4151-b446-fc3e8efcdf3e','af992d56-d7d5-4588-a643-6b283216cc59','expiry-shelf-v2.1','2.1.0','2026-06-19',-5,'ACCEPTED',0.9669,'Product has sufficient shelf life remaining.','completed',NOW(),NOW(),NOW()) ON CONFLICT DO NOTHING;
INSERT INTO ml_predictions (id,inventory_item_id,model_name,model_version,predicted_expiry_date,predicted_remaining_days,predicted_decision,decision_confidence,decision_reason,prediction_status,predicted_at,created_at,updated_at) VALUES ('7a23801a-3b2e-46a1-8ddf-3b371bcf28e0','ab240a4e-6caf-41d2-a793-ceef3d00131e','expiry-shelf-v2.1','2.1.0','2026-07-09',15,'PRIORITY_SALE',0.9254,'Nearing expiry -- prioritize for immediate sale.','completed',NOW(),NOW(),NOW()) ON CONFLICT DO NOTHING;
INSERT INTO ml_predictions (id,inventory_item_id,model_name,model_version,predicted_expiry_date,predicted_remaining_days,predicted_decision,decision_confidence,decision_reason,prediction_status,predicted_at,created_at,updated_at) VALUES ('f191051d-c132-4ded-bf82-1cb41893047f','79318c4c-0ee9-48e6-8b34-b9600fa345ef','expiry-shelf-v2.1','2.1.0','2026-08-08',45,'REJECTED',0.9789,'Product is already expired. Do not sell.','completed',NOW(),NOW(),NOW()) ON CONFLICT DO NOTHING;
INSERT INTO ml_predictions (id,inventory_item_id,model_name,model_version,predicted_expiry_date,predicted_remaining_days,predicted_decision,decision_confidence,decision_reason,prediction_status,predicted_at,created_at,updated_at) VALUES ('7849f34f-dee0-46c7-9170-966e8eccb527','c7efe4b7-3c70-4fad-976c-542cef8fcc6c','expiry-shelf-v2.1','2.1.0','2026-10-22',120,'REJECTED',0.7577,'Remaining shelf life below reject threshold.','completed',NOW(),NOW(),NOW()) ON CONFLICT DO NOTHING;
INSERT INTO ml_predictions (id,inventory_item_id,model_name,model_version,predicted_expiry_date,predicted_remaining_days,predicted_decision,decision_confidence,decision_reason,prediction_status,predicted_at,created_at,updated_at) VALUES ('63819e92-bcda-4b72-b774-d8357db6099f','2dc76abb-94d9-4416-8d88-6fce79af77ff','expiry-shelf-v2.1','2.1.0',NULL,NULL,'REQUIRES_REVIEW',0.7586,'Confidence too low -- requires human review.','completed',NOW(),NOW(),NOW()) ON CONFLICT DO NOTHING;

-- ════════════════════════════════════════
-- 8. MANUAL REVIEWS  (10 records)
-- ════════════════════════════════════════
INSERT INTO manual_reviews (id,inventory_item_id,reviewer_id,reviewer_role,corrected_expiry_date,human_decision,review_notes,escalation_reason,review_status,reviewed_at,created_at,updated_at) VALUES ('f6a96adc-b474-476f-a41f-2b4a4461aa52','7d794e28-dd45-43f1-9d10-b83ec8f8abd6','USR-1000','warehouse_staff','2026-06-21','ACCEPTED','Manually verified batch. Corrected expiry date confirmed.','OCR failed -- label was torn and unreadable.','completed',NOW(),NOW(),NOW()) ON CONFLICT DO NOTHING;
INSERT INTO manual_reviews (id,inventory_item_id,reviewer_id,reviewer_role,corrected_expiry_date,human_decision,review_notes,escalation_reason,review_status,reviewed_at,created_at,updated_at) VALUES ('d32b859d-e83b-4ed2-98b3-f782ec072e71','ce64a18e-19e3-4fe8-9db9-dc1e7eab0dba','USR-1001','supervisor','2026-07-11','REJECTED','Manually verified batch. Corrected expiry date confirmed.','ML confidence 0.43 -- below acceptance threshold.','completed',NOW(),NOW(),NOW()) ON CONFLICT DO NOTHING;
INSERT INTO manual_reviews (id,inventory_item_id,reviewer_id,reviewer_role,corrected_expiry_date,human_decision,review_notes,escalation_reason,review_status,reviewed_at,created_at,updated_at) VALUES ('f75ba8b2-8958-4267-971c-f0d658d308af','742f9e7e-b842-4e68-b9e2-d4f19cb89ed1','USR-1002','qa','2026-08-10','PRIORITY_SALE','Manually verified batch. Corrected expiry date confirmed.','Conflicting manufacturing and expiry dates on label.','completed',NOW(),NOW(),NOW()) ON CONFLICT DO NOTHING;
INSERT INTO manual_reviews (id,inventory_item_id,reviewer_id,reviewer_role,corrected_expiry_date,human_decision,review_notes,escalation_reason,review_status,reviewed_at,created_at,updated_at) VALUES ('64930390-a53b-4a12-ab05-4cf1766a1c8c','c3460235-b703-4b9a-92bc-edbad2e62924','USR-1003','warehouse_staff','2026-10-24','ESCALATE_TO_QA','Manually verified batch. Corrected expiry date confirmed.','Batch nearing expiry -- supervisor review required.','completed',NOW(),NOW(),NOW()) ON CONFLICT DO NOTHING;
INSERT INTO manual_reviews (id,inventory_item_id,reviewer_id,reviewer_role,corrected_expiry_date,human_decision,review_notes,escalation_reason,review_status,reviewed_at,created_at,updated_at) VALUES ('5d1d6ae0-63ad-49cd-ae74-9f3cb3e73a55','50fb6d07-6219-47f3-9f9f-878534c92fb5','USR-1004','supervisor','2026-07-26','ACCEPTED','Manually verified batch. Corrected expiry date confirmed.','Batch number missing from product label.','completed',NOW(),NOW(),NOW()) ON CONFLICT DO NOTHING;
INSERT INTO manual_reviews (id,inventory_item_id,reviewer_id,reviewer_role,corrected_expiry_date,human_decision,review_notes,escalation_reason,review_status,reviewed_at,created_at,updated_at) VALUES ('22911a83-874f-4f99-bf55-6dd0b9003491','40569013-98ec-4da6-9be2-5a51744559fd','USR-1005','qa','2026-06-21','REJECTED','Manually verified batch. Corrected expiry date confirmed.','OCR failed -- label was torn and unreadable.','pending',NULL,NOW(),NOW()) ON CONFLICT DO NOTHING;
INSERT INTO manual_reviews (id,inventory_item_id,reviewer_id,reviewer_role,corrected_expiry_date,human_decision,review_notes,escalation_reason,review_status,reviewed_at,created_at,updated_at) VALUES ('1f79251c-c81b-4f8b-bf2a-5b6271de8d75','d58109a8-b8fe-44d3-baa9-13e50c1c9a33','USR-1006','warehouse_staff','2026-07-11','PRIORITY_SALE','Manually verified batch. Corrected expiry date confirmed.','ML confidence 0.43 -- below acceptance threshold.','pending',NULL,NOW(),NOW()) ON CONFLICT DO NOTHING;
INSERT INTO manual_reviews (id,inventory_item_id,reviewer_id,reviewer_role,corrected_expiry_date,human_decision,review_notes,escalation_reason,review_status,reviewed_at,created_at,updated_at) VALUES ('13a8935b-d7bb-480a-8d16-7aff1d8fa302','007abc33-245d-470c-8e58-3014aacd36f2','USR-1007','supervisor','2026-08-10','ESCALATE_TO_QA','Manually verified batch. Corrected expiry date confirmed.','Conflicting manufacturing and expiry dates on label.','pending',NULL,NOW(),NOW()) ON CONFLICT DO NOTHING;
INSERT INTO manual_reviews (id,inventory_item_id,reviewer_id,reviewer_role,corrected_expiry_date,human_decision,review_notes,escalation_reason,review_status,reviewed_at,created_at,updated_at) VALUES ('07a97dbb-7f59-4045-b899-aa1cf4155b11','8cc23309-11e7-43bb-81cf-0b47abe33505','USR-1008','qa','2026-10-24','ACCEPTED','Manually verified batch. Corrected expiry date confirmed.','Batch nearing expiry -- supervisor review required.','pending',NULL,NOW(),NOW()) ON CONFLICT DO NOTHING;
INSERT INTO manual_reviews (id,inventory_item_id,reviewer_id,reviewer_role,corrected_expiry_date,human_decision,review_notes,escalation_reason,review_status,reviewed_at,created_at,updated_at) VALUES ('d9f67b08-95f6-45e0-b724-faa5cbd40aed','8c0a3645-0118-4909-ac22-8aeebb844028','USR-1009','warehouse_staff','2026-07-26','REJECTED','Manually verified batch. Corrected expiry date confirmed.','Batch number missing from product label.','pending',NULL,NOW(),NOW()) ON CONFLICT DO NOTHING;

-- ════════════════════════════════════════
-- 9. AUDIT LOGS  (40 events)
-- ════════════════════════════════════════
INSERT INTO audit_logs (id,event_type,entity_type,entity_id,actor_id,actor_type,before_state,after_state,change_summary,ip_address,request_id,occurred_at) VALUES ('1a055e32-dbd6-4c51-9b23-fead1438fb7f','product.created','product','bd4b5334-9134-48cf-bb3c-1d374d33063f','actor-1000','system',NULL,NULL,'Product registered in catalogue.','10.0.1.1','req-f48c2d20',NOW() - INTERVAL '0 seconds') ON CONFLICT DO NOTHING;
INSERT INTO audit_logs (id,event_type,entity_type,entity_id,actor_id,actor_type,before_state,after_state,change_summary,ip_address,request_id,occurred_at) VALUES ('e9063690-b1f2-4cdd-9575-98b086236740','inventory.intake','inventory_item','ce64a18e-19e3-4fe8-9db9-dc1e7eab0dba','actor-1001','service',NULL,NULL,'Batch received at warehouse intake.','10.0.2.2','req-2b114c57',NOW() - INTERVAL '120 seconds') ON CONFLICT DO NOTHING;
INSERT INTO audit_logs (id,event_type,entity_type,entity_id,actor_id,actor_type,before_state,after_state,change_summary,ip_address,request_id,occurred_at) VALUES ('daaa884a-d0a3-40aa-adf4-3000755f9deb','ocr.completed','ocr_result','a086bb10-365f-40ef-bb37-effa79016fa4','actor-1002','service',NULL,NULL,'OCR extraction completed successfully.','10.0.3.3','req-97914cde',NOW() - INTERVAL '240 seconds') ON CONFLICT DO NOTHING;
INSERT INTO audit_logs (id,event_type,entity_type,entity_id,actor_id,actor_type,before_state,after_state,change_summary,ip_address,request_id,occurred_at) VALUES ('5ddc577f-f681-41c8-af4e-0c18b538a41f','ocr.failed','ocr_result','bd279d7a-27e6-46f5-bc33-b85a4ae1611d','actor-1003','service',NULL,NULL,'OCR extraction failed due to engine timeout.','10.0.4.4','req-d8ba2e80',NOW() - INTERVAL '360 seconds') ON CONFLICT DO NOTHING;
INSERT INTO audit_logs (id,event_type,entity_type,entity_id,actor_id,actor_type,before_state,after_state,change_summary,ip_address,request_id,occurred_at) VALUES ('b96342eb-ed6a-4bc9-9c3c-d69775f55126','ml.prediction_received','inventory_item','50fb6d07-6219-47f3-9f9f-878534c92fb5','actor-1004','ml_team',NULL,NULL,'ML prediction returned with decision ACCEPTED.','10.0.1.5','req-a5460b4c',NOW() - INTERVAL '480 seconds') ON CONFLICT DO NOTHING;
INSERT INTO audit_logs (id,event_type,entity_type,entity_id,actor_id,actor_type,before_state,after_state,change_summary,ip_address,request_id,occurred_at) VALUES ('effc7e1c-6110-4f6d-adfe-159f566344ba','manual_review.completed','inventory_item','40569013-98ec-4da6-9be2-5a51744559fd','actor-1005','user',NULL,NULL,'Manual review completed by warehouse staff.','10.0.2.6','req-11cdc2e8',NOW() - INTERVAL '600 seconds') ON CONFLICT DO NOTHING;
INSERT INTO audit_logs (id,event_type,entity_type,entity_id,actor_id,actor_type,before_state,after_state,change_summary,ip_address,request_id,occurred_at) VALUES ('1ee6f282-bc7f-44f0-93da-cb8c2a281bb7','status.changed','inventory_item','d58109a8-b8fe-44d3-baa9-13e50c1c9a33','actor-1006','system','{"status":"PENDING_OCR"}','{"status":"OCR_COMPLETED"}','Pipeline status updated to next stage.','10.0.3.7','req-b2ce7876',NOW() - INTERVAL '720 seconds') ON CONFLICT DO NOTHING;
INSERT INTO audit_logs (id,event_type,entity_type,entity_id,actor_id,actor_type,before_state,after_state,change_summary,ip_address,request_id,occurred_at) VALUES ('2493472a-d5d9-455c-b15f-16e166f290de','barcode.scanned','barcode_scan','c07bc966-b5eb-4db2-aac0-e62cbeb50b69','actor-1007','service',NULL,NULL,'Barcode scanned via handheld scanner.','10.0.4.8','req-7e647193',NOW() - INTERVAL '840 seconds') ON CONFLICT DO NOTHING;
INSERT INTO audit_logs (id,event_type,entity_type,entity_id,actor_id,actor_type,before_state,after_state,change_summary,ip_address,request_id,occurred_at) VALUES ('7e49a57d-e276-4332-92fb-c377a3d9d265','product.updated','product','e41af519-9235-4eab-9b38-b5af49f22ced','actor-1008','user',NULL,NULL,'Product details updated by staff.','10.0.1.9','req-195a0202',NOW() - INTERVAL '960 seconds') ON CONFLICT DO NOTHING;
INSERT INTO audit_logs (id,event_type,entity_type,entity_id,actor_id,actor_type,before_state,after_state,change_summary,ip_address,request_id,occurred_at) VALUES ('329e0863-9e99-476e-a02f-d2f6e6f477c4','inventory.flagged_for_review','inventory_item','8c0a3645-0118-4909-ac22-8aeebb844028','actor-1009','system',NULL,NULL,'Item flagged for manual review due to low confidence.','10.0.2.10','req-733617be',NOW() - INTERVAL '1080 seconds') ON CONFLICT DO NOTHING;
INSERT INTO audit_logs (id,event_type,entity_type,entity_id,actor_id,actor_type,before_state,after_state,change_summary,ip_address,request_id,occurred_at) VALUES ('9d7bd579-33ce-4191-a893-2d63884eec38','product.created','product','db7628e5-ac98-41a5-bc78-76e7ec086a5d','actor-1000','system',NULL,NULL,'Product registered in catalogue.','10.0.3.11','req-33ad1701',NOW() - INTERVAL '1200 seconds') ON CONFLICT DO NOTHING;
INSERT INTO audit_logs (id,event_type,entity_type,entity_id,actor_id,actor_type,before_state,after_state,change_summary,ip_address,request_id,occurred_at) VALUES ('75cde85b-2970-4797-b07f-cbbf7b04db67','inventory.intake','inventory_item','973613c3-6985-40f7-99fe-59a17f56e043','actor-1001','service',NULL,NULL,'Batch received at warehouse intake.','10.0.4.12','req-91c93f90',NOW() - INTERVAL '1320 seconds') ON CONFLICT DO NOTHING;
INSERT INTO audit_logs (id,event_type,entity_type,entity_id,actor_id,actor_type,before_state,after_state,change_summary,ip_address,request_id,occurred_at) VALUES ('bb291277-42a9-4705-992b-099c8df179eb','ocr.completed','ocr_result','ac341a44-90d5-4f65-8e1f-481fb7c58c0b','actor-1002','service',NULL,NULL,'OCR extraction completed successfully.','10.0.1.13','req-caee7284',NOW() - INTERVAL '1440 seconds') ON CONFLICT DO NOTHING;
INSERT INTO audit_logs (id,event_type,entity_type,entity_id,actor_id,actor_type,before_state,after_state,change_summary,ip_address,request_id,occurred_at) VALUES ('237afda6-2573-4700-a333-a5c9ba609485','ocr.failed','ocr_result','021831b0-0064-4130-8cf2-410b6392bd06','actor-1003','service',NULL,NULL,'OCR extraction failed due to engine timeout.','10.0.2.14','req-5dfbb40a',NOW() - INTERVAL '1560 seconds') ON CONFLICT DO NOTHING;
INSERT INTO audit_logs (id,event_type,entity_type,entity_id,actor_id,actor_type,before_state,after_state,change_summary,ip_address,request_id,occurred_at) VALUES ('b8c3bdbb-d66b-431d-8d3d-f18b667cae8e','ml.prediction_received','inventory_item','fb05b148-bd2b-4f1d-937e-66513bc46ba8','actor-1004','ml_team',NULL,NULL,'ML prediction returned with decision ACCEPTED.','10.0.3.15','req-e3499fd6',NOW() - INTERVAL '1680 seconds') ON CONFLICT DO NOTHING;
INSERT INTO audit_logs (id,event_type,entity_type,entity_id,actor_id,actor_type,before_state,after_state,change_summary,ip_address,request_id,occurred_at) VALUES ('045b3b11-f577-48f6-a944-80858cef0869','manual_review.completed','inventory_item','af992d56-d7d5-4588-a643-6b283216cc59','actor-1005','user',NULL,NULL,'Manual review completed by warehouse staff.','10.0.4.16','req-8b2dc611',NOW() - INTERVAL '1800 seconds') ON CONFLICT DO NOTHING;
INSERT INTO audit_logs (id,event_type,entity_type,entity_id,actor_id,actor_type,before_state,after_state,change_summary,ip_address,request_id,occurred_at) VALUES ('b5a30189-317c-4965-8c2a-131fd89b4dcd','status.changed','inventory_item','ab240a4e-6caf-41d2-a793-ceef3d00131e','actor-1006','system','{"status":"PENDING_OCR"}','{"status":"OCR_COMPLETED"}','Pipeline status updated to next stage.','10.0.1.17','req-5c6c1cc3',NOW() - INTERVAL '1920 seconds') ON CONFLICT DO NOTHING;
INSERT INTO audit_logs (id,event_type,entity_type,entity_id,actor_id,actor_type,before_state,after_state,change_summary,ip_address,request_id,occurred_at) VALUES ('caa8d1bf-0752-4f05-bd8f-d773db062c24','barcode.scanned','barcode_scan','2ab224d7-bb9a-44f4-947e-89b31ffd8f2e','actor-1007','service',NULL,NULL,'Barcode scanned via handheld scanner.','10.0.2.18','req-686226d9',NOW() - INTERVAL '2040 seconds') ON CONFLICT DO NOTHING;
INSERT INTO audit_logs (id,event_type,entity_type,entity_id,actor_id,actor_type,before_state,after_state,change_summary,ip_address,request_id,occurred_at) VALUES ('bf7c56a3-705c-410b-a15b-2e507f2fa2d8','product.updated','product','79d170f6-b0ec-452f-a1b6-c3aeb3ed61b8','actor-1008','user',NULL,NULL,'Product details updated by staff.','10.0.3.19','req-24df662c',NOW() - INTERVAL '2160 seconds') ON CONFLICT DO NOTHING;
INSERT INTO audit_logs (id,event_type,entity_type,entity_id,actor_id,actor_type,before_state,after_state,change_summary,ip_address,request_id,occurred_at) VALUES ('e302e282-89bb-4ede-8ed9-75cd459984f2','inventory.flagged_for_review','inventory_item','2dc76abb-94d9-4416-8d88-6fce79af77ff','actor-1009','system',NULL,NULL,'Item flagged for manual review due to low confidence.','10.0.4.20','req-596d70d7',NOW() - INTERVAL '2280 seconds') ON CONFLICT DO NOTHING;
INSERT INTO audit_logs (id,event_type,entity_type,entity_id,actor_id,actor_type,before_state,after_state,change_summary,ip_address,request_id,occurred_at) VALUES ('6f26395f-2f7d-437a-80b7-645252af229d','product.created','product','6bf38777-8241-442b-b443-8ed648f7ee8b','actor-1000','system',NULL,NULL,'Product registered in catalogue.','10.0.1.1','req-af93e25d',NOW() - INTERVAL '2400 seconds') ON CONFLICT DO NOTHING;
INSERT INTO audit_logs (id,event_type,entity_type,entity_id,actor_id,actor_type,before_state,after_state,change_summary,ip_address,request_id,occurred_at) VALUES ('43a34151-935d-42d2-8df3-c1980a4061c1','inventory.intake','inventory_item','380df1be-e27b-473b-80bf-727c77184720','actor-1001','service',NULL,NULL,'Batch received at warehouse intake.','10.0.2.2','req-91cf10c3',NOW() - INTERVAL '2520 seconds') ON CONFLICT DO NOTHING;
INSERT INTO audit_logs (id,event_type,entity_type,entity_id,actor_id,actor_type,before_state,after_state,change_summary,ip_address,request_id,occurred_at) VALUES ('c21c695d-79da-47c7-8777-f28d606502e2','ocr.completed','ocr_result','313287fe-5017-4bc2-bab2-f3d4b172743b','actor-1002','service',NULL,NULL,'OCR extraction completed successfully.','10.0.3.3','req-05c73e54',NOW() - INTERVAL '2640 seconds') ON CONFLICT DO NOTHING;
INSERT INTO audit_logs (id,event_type,entity_type,entity_id,actor_id,actor_type,before_state,after_state,change_summary,ip_address,request_id,occurred_at) VALUES ('f83f2c48-eebf-40a3-b1c9-474a2dc54be2','ocr.failed','ocr_result','dc6e19a1-711c-4c65-9d94-0a9e6d6ac369','actor-1003','service',NULL,NULL,'OCR extraction failed due to engine timeout.','10.0.4.4','req-12314da4',NOW() - INTERVAL '2760 seconds') ON CONFLICT DO NOTHING;
INSERT INTO audit_logs (id,event_type,entity_type,entity_id,actor_id,actor_type,before_state,after_state,change_summary,ip_address,request_id,occurred_at) VALUES ('1b515552-b06f-4ccc-8bec-3ca3aeb617ad','ml.prediction_received','inventory_item','6fc21afd-93ec-458c-9ddc-5c53d61250d6','actor-1004','ml_team',NULL,NULL,'ML prediction returned with decision ACCEPTED.','10.0.1.5','req-073a63e9',NOW() - INTERVAL '2880 seconds') ON CONFLICT DO NOTHING;
INSERT INTO audit_logs (id,event_type,entity_type,entity_id,actor_id,actor_type,before_state,after_state,change_summary,ip_address,request_id,occurred_at) VALUES ('f465102e-bddc-4724-a5ef-e47d4cd99e54','manual_review.completed','inventory_item','7d794e28-dd45-43f1-9d10-b83ec8f8abd6','actor-1005','user',NULL,NULL,'Manual review completed by warehouse staff.','10.0.2.6','req-ede86720',NOW() - INTERVAL '3000 seconds') ON CONFLICT DO NOTHING;
INSERT INTO audit_logs (id,event_type,entity_type,entity_id,actor_id,actor_type,before_state,after_state,change_summary,ip_address,request_id,occurred_at) VALUES ('8e6b09ed-df77-4c0e-9cb7-2eec03a836e4','status.changed','inventory_item','ce64a18e-19e3-4fe8-9db9-dc1e7eab0dba','actor-1006','system','{"status":"PENDING_OCR"}','{"status":"OCR_COMPLETED"}','Pipeline status updated to next stage.','10.0.3.7','req-7613c6c2',NOW() - INTERVAL '3120 seconds') ON CONFLICT DO NOTHING;
INSERT INTO audit_logs (id,event_type,entity_type,entity_id,actor_id,actor_type,before_state,after_state,change_summary,ip_address,request_id,occurred_at) VALUES ('f218919a-4921-4c7f-a0be-e022f1afb42c','barcode.scanned','barcode_scan','341acf71-a01a-45d5-b762-858f764264df','actor-1007','service',NULL,NULL,'Barcode scanned via handheld scanner.','10.0.4.8','req-e8a04e21',NOW() - INTERVAL '3240 seconds') ON CONFLICT DO NOTHING;
INSERT INTO audit_logs (id,event_type,entity_type,entity_id,actor_id,actor_type,before_state,after_state,change_summary,ip_address,request_id,occurred_at) VALUES ('990adcb1-5fcd-438f-920c-b1a9a8b5c118','product.updated','product','425ad452-1999-416e-a374-f5004e137c5a','actor-1008','user',NULL,NULL,'Product details updated by staff.','10.0.1.9','req-db67bb63',NOW() - INTERVAL '3360 seconds') ON CONFLICT DO NOTHING;
INSERT INTO audit_logs (id,event_type,entity_type,entity_id,actor_id,actor_type,before_state,after_state,change_summary,ip_address,request_id,occurred_at) VALUES ('9a2af4a2-bfed-493f-b5a4-0c71f551fcbe','inventory.flagged_for_review','inventory_item','50fb6d07-6219-47f3-9f9f-878534c92fb5','actor-1009','system',NULL,NULL,'Item flagged for manual review due to low confidence.','10.0.2.10','req-c549b276',NOW() - INTERVAL '3480 seconds') ON CONFLICT DO NOTHING;
INSERT INTO audit_logs (id,event_type,entity_type,entity_id,actor_id,actor_type,before_state,after_state,change_summary,ip_address,request_id,occurred_at) VALUES ('0e2a5f58-d17a-471a-b1dc-fcd37b543f16','product.created','product','ced8ae36-7ee5-4774-983c-0fffa17fa16f','actor-1000','system',NULL,NULL,'Product registered in catalogue.','10.0.3.11','req-9ab1304c',NOW() - INTERVAL '3600 seconds') ON CONFLICT DO NOTHING;
INSERT INTO audit_logs (id,event_type,entity_type,entity_id,actor_id,actor_type,before_state,after_state,change_summary,ip_address,request_id,occurred_at) VALUES ('878dadec-9de5-43cd-983b-cfc7ad9437ed','inventory.intake','inventory_item','d58109a8-b8fe-44d3-baa9-13e50c1c9a33','actor-1001','service',NULL,NULL,'Batch received at warehouse intake.','10.0.4.12','req-f42b6362',NOW() - INTERVAL '3720 seconds') ON CONFLICT DO NOTHING;
INSERT INTO audit_logs (id,event_type,entity_type,entity_id,actor_id,actor_type,before_state,after_state,change_summary,ip_address,request_id,occurred_at) VALUES ('e714d6fc-a84e-4e0a-85fe-a54c71e964bd','ocr.completed','ocr_result','a29275f2-b077-499a-aee1-476cd3d0d185','actor-1002','service',NULL,NULL,'OCR extraction completed successfully.','10.0.1.13','req-2f6d238d',NOW() - INTERVAL '3840 seconds') ON CONFLICT DO NOTHING;
INSERT INTO audit_logs (id,event_type,entity_type,entity_id,actor_id,actor_type,before_state,after_state,change_summary,ip_address,request_id,occurred_at) VALUES ('ace94927-4302-4c67-8290-562699578a26','ocr.failed','ocr_result','e15c9732-2dca-49d7-b807-80d990973313','actor-1003','service',NULL,NULL,'OCR extraction failed due to engine timeout.','10.0.2.14','req-6f39adaf',NOW() - INTERVAL '3960 seconds') ON CONFLICT DO NOTHING;
INSERT INTO audit_logs (id,event_type,entity_type,entity_id,actor_id,actor_type,before_state,after_state,change_summary,ip_address,request_id,occurred_at) VALUES ('ab0eecf8-6117-4114-bd4e-7dc555f66428','ml.prediction_received','inventory_item','8c0a3645-0118-4909-ac22-8aeebb844028','actor-1004','ml_team',NULL,NULL,'ML prediction returned with decision ACCEPTED.','10.0.3.15','req-7e692bc5',NOW() - INTERVAL '4080 seconds') ON CONFLICT DO NOTHING;
INSERT INTO audit_logs (id,event_type,entity_type,entity_id,actor_id,actor_type,before_state,after_state,change_summary,ip_address,request_id,occurred_at) VALUES ('0f80b06d-42d3-419c-a9fb-9a6b33236916','manual_review.completed','inventory_item','8816c74d-f540-4c87-b898-4952076cfe52','actor-1005','user',NULL,NULL,'Manual review completed by warehouse staff.','10.0.4.16','req-1c9949ca',NOW() - INTERVAL '4200 seconds') ON CONFLICT DO NOTHING;
INSERT INTO audit_logs (id,event_type,entity_type,entity_id,actor_id,actor_type,before_state,after_state,change_summary,ip_address,request_id,occurred_at) VALUES ('b22a09d0-3c61-4e8a-bc34-dec126e0c9ab','status.changed','inventory_item','973613c3-6985-40f7-99fe-59a17f56e043','actor-1006','system','{"status":"PENDING_OCR"}','{"status":"OCR_COMPLETED"}','Pipeline status updated to next stage.','10.0.1.17','req-ff63ac08',NOW() - INTERVAL '4320 seconds') ON CONFLICT DO NOTHING;
INSERT INTO audit_logs (id,event_type,entity_type,entity_id,actor_id,actor_type,before_state,after_state,change_summary,ip_address,request_id,occurred_at) VALUES ('8a9370fb-37af-4564-9c61-cf739a772530','barcode.scanned','barcode_scan','097e61c6-88ba-471e-b1a7-2428db5f507f','actor-1007','service',NULL,NULL,'Barcode scanned via handheld scanner.','10.0.2.18','req-98758411',NOW() - INTERVAL '4440 seconds') ON CONFLICT DO NOTHING;
INSERT INTO audit_logs (id,event_type,entity_type,entity_id,actor_id,actor_type,before_state,after_state,change_summary,ip_address,request_id,occurred_at) VALUES ('7371b0ea-2bb9-4dfc-a68f-a9a4c63efc88','product.updated','product','563c5830-dd37-4234-b574-7ae08c1586ab','actor-1008','user',NULL,NULL,'Product details updated by staff.','10.0.3.19','req-2a286a54',NOW() - INTERVAL '4560 seconds') ON CONFLICT DO NOTHING;
INSERT INTO audit_logs (id,event_type,entity_type,entity_id,actor_id,actor_type,before_state,after_state,change_summary,ip_address,request_id,occurred_at) VALUES ('111e2d45-e7ca-43ba-908c-9ff61613a9a5','inventory.flagged_for_review','inventory_item','fb05b148-bd2b-4f1d-937e-66513bc46ba8','actor-1009','system',NULL,NULL,'Item flagged for manual review due to low confidence.','10.0.4.20','req-4dd0f0db',NOW() - INTERVAL '4680 seconds') ON CONFLICT DO NOTHING;

COMMIT;
